기준코드,품명,한글품명,포장단위,제조국,금액(US$),전문/일반
199304200,HEP-FORTE,헵포르테,120CAP/BOTTLE,USA,"  81,506 ",일반
199304200,HEP-FORTE,헵포르테,200CAP/BOTTLE,USA,"  180,366 ",일반
199304286,LAMISIL CREAM 1%,라미실크림1%,15G/TUBE,SWITZERLAND,"  1,817,904 ",일반
199304286,LAMISIL CREAM 1%,라미실크림1%,30G/TUBE,SWITZERLAND,"  1,120,470 ",일반
199304353,SWAN EYE DROPS,스완안약,15ML/BOTTLE,JAPAN,"  117,580 ",일반
199403254,DURATEARS OPHTHALMIC OINTMENT,듀라티얼즈안연고,3.5G/TUBE,BELGIUM,"  502,098 ",일반
199504134,YAL SOLUTION,얄액,67.5ML/10BOTTLE/BOX,GERMANY,"  94,481 ",일반
199504246,TEARS NATURALE II EYE DROPS,티얼즈내츄럴Ⅱ점안액,15ML/BOTTLE,SINGAPORE,"  20,037 ",일반
199604632,BIAFINE EMULSION,비아핀에멀젼,46.5G/TUBE,FRANCE,"  78,575 ",일반
199604959,MEBO OINTMENT,미보연고,10G/TUBE,CHINA,"  300,000 ",일반
199604959,MEBO OINTMENT,미보연고,40G/TUBE,CHINA,"  210,000 ",일반
199704353,OPTIDUM CREAM,옵티덤크림,50G/TUBE,GERMANY,"  25,330 ",일반
199806423,POSTERISAN SUPPOSITORIES,포스테리산좌제,10EA/CASE,GERMANY,"  161,144 ",일반
199806424,POSTERISAN OINTMENT,포스테리산연고,25G/TUBE,GERMANY,"  79,287 ",일반
199806429,MICROSHIELD 4 SOLUTIONS,마이크로실드4액,1.5L/BOTTLE,AUSTRALIA,"  288,186 ",일반
199806429,MICROSHIELD 4 SOLUTIONS,마이크로실드4액,500ML/BOTTLE,AUSTRALIA,"  531,296 ",일반
199806459,OTRIVIN MENTHOL O.1% MD SPRAY,오트리빈멘톨0.1%분무제,10ML/BOTTLE,SWITZERLAND,"  5,387,629 ",일반
199806461,LAMISIL EXTERNAL SOLUTION,라미실외용액,30ML/BOTTLE,FRANCE,"  184,769 ",일반
199806462,NICOTINELL TTS 10,니코틴엘TTS10,7PCS/PACK,GERMANY,"  317,594 ",일반
199806463,NICOTINELL TTS 20,니코틴엘TTS20,7PCS/PACK,GERMANY,"  299,842 ",일반
199806464,NICOTINELL TTS 30,니코틴엘TTS30,7PCS/PACK,GERMANY,"  691,499 ",일반
199806465,LAMISIL DERM 1%,라미실덤겔1%,15G/TUBE,SWITZERLAND,"  184,707 ",일반
199806484,DRICLOR SOLUTION,드리클로액,20ML/BOTTLE,U.K,"  581,319 ",일반
199806592,POLYERGA TABLETS,협진폴리엘가정,10TAB/10PTP/PACK,GERMANY,"  202,660 ",일반
199806733,DELCO CORN PLASTER,델코티눈고,6매/BOX,JAPAN,"  140,384 ",일반
199806775,MENTHOLATUM LOTION,멘소래담로션,100ML/1EA/BOX,USA,"  810,498 ",일반
199806775,MENTHOLATUM LOTION,멘소래담로션,450ML/1EA/BOX,USA,"  553,474 ",일반
199806775,MENTHOLATUM LOTION,멘소래담로션,75ML/1EA/BOX,USA,"  897,382 ",일반
199806820,MINULET TABLET,미뉴렛정,21TAB/1PTP/PACK,IRELAND,"  205,318 ",일반
199906850,CANESTEN CREAM,카네스텐크림,100G/1TUBE/PACK,AUSTRALIA,"  51,928 ",일반
199906850,CANESTEN CREAM,카네스텐크림,100G/TUBE/PACK,AUSTRALIA,"  121,906 ",일반
199906850,CANESTEN CREAM,카네스텐크림,20G/1TUBE/PACK,AUSTRALIA,"  1,215,601 ",일반
199906930,PERASAFE,페라세이프,16.2G/100PACK/BOX,U.K,"  131,632 ",일반
199906930,PERASAFE,페라세이프,162G/12BOTTLE/BOX,U.K,"  930,066 ",일반
199906930,PERASAFE,페라세이프,810G/6BOTTLE/BOX,U.K,"  178,397 ",일반
199906985,POSORUTIN,포소루틴점안액,10ML/BOTTLE,GERMANY,"  43,338 ",일반
199906999,3M STERI-GAS CARTRIDGE,쓰리엠스테리-가스EO카트리지,100G/12EA/BOX,USA,"  387,878 ",일반
199906999,3M STERI-GAS CARTRIDGE,쓰리엠스테리-가스EO카트리지,170G/12EA/BOX,USA,"  944,743 ",일반
199907226,LOCERYL NAIL LACQUER,로세릴네일라카,3ML/BOTTLE,FRANCE,"  444,513 ",일반
199907226,LOCERYL NAIL LACQUER,로세릴네일라카,5ML/BOTTLE,FRANCE,"  648,762 ",일반
200008585,CLARITYNE SYRUP,클라리틴시럽,100ML/1BOTTLE/PACK,BELGIUM,"  51,000 ",일반
200008587,F.M' YASON PAS,어인약손파스,5PIECE/PACK(15*11CM),TAIWAN,"  157,948 ",일반
200008588,CANESTEN POWDER,카네스텐산제,30G/1BOTTLE/PACK,ITALY,"  238,737 ",일반
200008589,CANESTEN VT 1 (500MG),카네스텐1질정,6TAB/2PTP/PACK,GERMANY,"  69,999 ",일반
200008590,CANESTEN VAG.TAB (CLOTRIMAZOLE),카네스텐질정,6TAB/PTP/PACK,GERMANY,"  194,639 ",일반
200008591,BAYER ASPIRIN 500MG TAB.,바이엘아스피린정500밀리그램,10TAB/10PTP/PACK,GERMANY,"  8,360 ",일반
200008591,BAYER ASPIRIN 500MG TAB.,바이엘아스피린정500밀리그램,10TAB/2PTP/PACK,GERMANY,"  68,279 ",일반
200008591,BAYER ASPIRIN 500MG TAB.,바이엘아스피린정500밀리그램,10TAB/2PTP/PACK,INDONESIA,"  328,436 ",일반
200008592,BAYER ASPIRIN 100MG TAB.,바이엘아스피린정100밀리그램,10TAB/3PTP/PACK,GERMANY,"  59,197 ",일반
200008959,GINCOSAN CAPSULE,징코산캅셀,30CAP/BOTTLE,SWITZERLAND,"  276,004 ",일반
200009088,ROWATINEX CAPSULE,로와치넥스캅셀,10CAP/5PTP/BOX,IRELAND,"  122,136 ",일반
200009316,FLEXALL,플랙스올,4OZ(113G)/BOTTLE,USA,"  33,207 ",일반
200009333,ALESSE TABLET,에이리스정,21TAB/1PTP/PACK,IRELAND,"  977,999 ",일반
200009522,MERCILON TAB,머시론정,21TAB/1PTP/PACK,NETHERLANDS,"  2,925,946 ",일반
200009525,ROWACHOL CAPSULE,로와콜연질캅셀,10CAP/5PTP/BOX,IRELAND,"  1,059,832 ",일반
200108347,REFRESH PLUS OPHTHALMIC SOLUTION 0. 5%,리프레쉬플러스점안액0.5%,0.4ML/30TUBE/BOX,USA,"  3,208,691 ",일반
200108429,ASPIRIN PROTECT 100MG TAB,아스피린프로텍트정100밀리그램,14TAB/7PTP/PACK,GERMANY,"  1,770,604 ",일반
200108429,ASPIRIN PROTECT 100MG TAB,아스피린프로텍트정100밀리그램,1500TAB/1BOTTLE/PACK,GERMANY,"  12,220,728 ",일반
200108429,ASPIRIN PROTECT 100MG TAB,아스피린프로텍트정100밀리그램,50TAB/10PTP/PACK,GERMANY,"  1,971,811 ",일반
200108686,"RESPIBIEN SOLLUTION, RESPIBIEN FRESHMINT","레스피비엔액,레스피비엔액프레쉬민트",15ML/BOTTLE,SPAIN,"  174,997 ",일반
200108735,EACH SOLUTION,잇치액,50ML/1BOTTLE/PACK,JAPAN,"  64,517 ",일반
200108738,PHYSIOMER NASAL LAVAGE,피지오머비강세척액,115ML/BOTTLE,FRANCE,"  1,135,257 ",일반
200108738,PHYSIOMER NASAL LAVAGE,피지오머비강세척액,135ML/BOTTLE,FRANCE,"  186,001 ",일반
200108738,PHYSIOMER NASAL LAVAGE,피지오머비강세척액,20ML/BOTTLE,FRANCE,"  1,720,074 ",일반
200108738,PHYSIOMER NASAL LAVAGE,피지오머비강세척액,210ML/BOTTLE,FRANCE,"  108,681 ",일반
200108778,VOLTAREN EMULGEL,볼타렌에멀겔,50G/TUBE,SWITZERLAND,"  496,625 ",일반
200109389,EYE CHARM V EYE DROPS,아이챰브이아이드롭스점안액,15ML/BOTTLE,JAPAN,"  31,866 ",일반
200109391,JELLZONPAP CATAPLASMA,젤존팝카타플라스마,6매/PACK(7CMX14CM),TAIWAN,"  107,799 ",일반
200109392,CHI KUNG HUO SHIUEH KAO,기공활혈고,6PCS/PACK(10CMX14.5CM),TAIWAN,"  119,292 ",일반
200109402,JOAPAP,조아팝,10EA/PACK,TAIWAN,"  557,020 ",일반
200109402,JOAPAP,조아팝,6PIECE/PACK(7CMX14CM),TAIWAN,"  927,009 ",일반
200109403,TONOGEN SYRUP,토노겐시럽,10ML/BOTTLE,ITALY,"  221,044 ",일반
200109516,TEH SENG WAN TONG KAO,득생만통고,10PIECES(10CMX15CM)/PACK,TAIWAN,"  54,388 ",일반
200109572,CONTRACTUBEX GEL,콘투락투벡스겔,10G/TUBE,GERMANY,"  53,578 ",일반
200109572,CONTRACTUBEX GEL,콘투락투벡스겔,20G/TUBE,GERMANY,"  99,867 ",일반
200109572,CONTRACTUBEX GEL,콘투락투벡스겔,50G/TUBE,GERMANY,"  42,857 ",일반
200109769,ADVIL TABLET(IBUPROFEN),애드빌정,10TAB/1PTP/PACK,AUSTRALIA,"  13,694 ",일반
200209620,SIMJUK PILLS(CARDIOTONIC PILLS),심적환,150환/6BOTTLE/CARTON,CHINA,"  241,200 ",일반
200209700,OTRIVIN 0.05% NASAL SPRAY,오트리빈0.05%비강분무액,10ML/BOTTLE,SWITZERLAND,"  72,891 ",일반
200210173,LOCERYL CREAM,로세릴크림,20G/TUBE,GERMANY,"  77,308 ",일반
200210275,POTENCIATOR SOULTION,포텐시에이터액,10ML/20AMP/BOX,SPAIN,"  259,993 ",일반
200210276,ASUPARAITO-BAC EYE DROPS,아스파라이트박점안액,15ML/BOTTLE,JAPAN,"  41,151 ",일반
200210297,KEPROFEN,케프로펜경고제,6매/PACK(7X14CM2),TAIWAN,"  45,565 ",일반
200210298,DANAFEN CATAPLASMA,다나펜카타플라스마,6PIECES/PACK(7CMX14CM),TAIWAN,"  106,619 ",일반
200210300,HUO SHIUEH SAN TONG KAO,득생활혈산통고,6PIECE/PACK(10X15CM),TAIWAN,"  54,430 ",일반
200210300,HUO SHIUEH SAN TONG KAO,득생활혈산통고,6PIECES(10CMX15CM)/PACK,TAIWAN,"  106,912 ",일반
200210304,PANTOGAR CAP,판토가캅셀,15CAP/6PTP/PACK,SWITZERLAND,"  165,785 ",일반
200210345,SAN FAN HUO SHIAU TONG BAIM,삼반활략소통고,10매/BAG(10*15CM),TAIWAN,"  50,000 ",일반
200210345,SAN FAN HUO SHIAU TONG BAIM,삼반활략소통고,5매/BAG(10*15CM),TAIWAN,"  26,000 ",일반
200210575,TANTUM VERDE NEBULIZER,탄툼베르데네뷸라이저,30ML/BOTTLE,ITALY,"  212,890 ",일반
200307875,DURAPREP SOLUTION,듀라프렙외용액,26ML/20KIT/CASE,USA,"  135,149 ",일반
200307984,BACTIGRAS,박티그라,10EA/CARTON(10X10CM),U.K,"  68,692 ",일반
200307984,BACTIGRAS,박티그라,10EA/CARTON(15X20CM),U.K,"  10,161 ",일반
200307984,BACTIGRAS,박티그라,12EA/CARTON(15X100CM),U.K,"  35,247 ",일반
200308326,TEH SENG WU KUNG KAO PLASTER,더생우쿵카오경고제,6매/PACK(15X10CM),TAIWAN,"  185,441 ",일반
200308396,FORLAX POWDER,폴락스산,10SACHET/BOX,FRANCE,"  723,879 ",일반
200409934,NEW V-ROHTO EX,뉴브이로토이엑스점안액,13ML/BOTTLE,JAPAN,"  592,084 ",일반
200409935,MENTHOMNEO HERBAL PLASTER,맨담네오한방첩부제,6PIECE/BAG,TAIWAN,"  709,089 ",일반
200410068,OTRISAL NASAL SPARY,오트리빈베이비내추럴비강분무액,15ML/BOTTLE,ITALY,"  245,952 ",일반
200410130,AVAGARD SOLUTION,애바가드외용액,500ML/8BOTTLE/CARTON,USA,"  302,730 ",일반
200410651,THEZONE OPALESCENCE 10% REGULAR REFILL KIT,더존오팔레센스10%,1.2ML/4SYRINGE/10BOX/KIT,USA,"  48,488 ",일반
200410651,THEZONE OPALESCENCE 10% REGULAR REFILL KIT,더존오팔레센스10%,1.2ML/8SYRINGE/KIT,USA,"  7,224 ",일반
200410660,EUCARBON TAB,유카본정,10TAB/10PTP/BOX,AUSTRIA,"  73,568 ",일반
200410660,EUCARBON TAB,유카본정,10TAB/1PTP/BOX,AUSTRIA,  31 ,일반
200410715,CALTEO-40 TABLETS,칼테오-40정,180TAB/BOTTLE,USA,"  564,510 ",일반
200410715,CALTEO-40 TABLETS,칼테오-40정,500TAB/BOTTLE,USA,"  321,440 ",일반
200510975,BEPANTHEN OINTMENT,비판텐연고,30G/1TUBE/PACK,GERMANY,"  1,437,325 ",일반
200511010,DERMOFIX GEL,부광더모픽스겔,100ML/1BOTTLE/PACK,SPAIN,"  46,409 ",일반
200511037,NICOTINELL LOZENGES MINT 1MG,니코틴엘로렌즈민트향트로키1밀리그램,12EA/3PTP/PACK,SWITZERLAND,"  471,415 ",일반
200511290,LIPOSIC OPHTHALMIC GEL,리포직점안겔,10G/1TUBE/PACK,GERMANY,"  564,017 ",일반
200511292,MURO 128 EYE DROPS 5%,뮤로128점안액5%,15ML/BOTTLE,USA,"  193,507 ",일반
200511293,OCUVITE PRESERVISON TABLET,오큐바이트프리저비전정,120TAB/1BOTTLE/PACK,USA,"  580,630 ",일반
200511325,NORZYME CAPSULE,노자임캡슐,100CAP/1BOTTLE/BOX,GERMANY,"  963,510 ",일반
200511327,DANAFEN-F CATAPLASMA,단아팬에프카타플라스마,6매/PACK(7X14CM2),TAIWAN,"  53,665 ",일반
200511330,KETOPRO PLASTER,케토프로첩부제,7매/PACK(7X10CM),TAIWAN,"  39,036 ",일반
200511332,CONNETTIVINA GEL,코네티비나겔,30G/TUBE,ITALY,"  108,808 ",일반
200511435,THEZON OPALESCENCE F15% MELON,더존오팔레센스에프15%,1.2ML/4SYRINGE/10BOX/KIT,USA,"  88,491 ",일반
200511435,THEZON OPALESCENCE F15% MELON,더존오팔레센스에프15%,1.2ML/8SYRINGE/KIT,USA,"  9,952 ",일반
200511463,ALSOFT SOLUTION,알소프트액,1L/BOTTLE,JAPAN,"  10,350 ",일반
200511464,ACECIDE SOLUTION,아세사이드액,1제(750ML)+2제(750ML)/SET,JAPAN,"  118,820 ",일반
200511464,ACECIDE SOLUTION,아세사이드액,1제(875ML)+2제(875ML)/SET,JAPAN,"  1,356,486 ",일반
200511465,COLOLO SP GARGLING SOLUTION,코로로에스피가글액,50ML/BOTTLE,JAPAN,"  9,000 ",일반
200511714,SORESH TROCHE(CHERRY FLAVOR),솔레쉬트로키,9LOZENGE/2BLISTER/PACK,USA,"  33,756 ",일반
200511939,EMPTY GELATINE CAPSULE SIZE 5,한미젤라틴공캡슐5호,100000CAP/CARTON,JAPAN,"  4,553 ",일반
200511943,SELENASE100 &MICRO;G PERORAL SOLUTION,셀레나제100마이크로그램퍼오랄액,2ML/20AMP/PACK,GERMANY,"  2,458,587 ",일반
200511972,D- TRIMMATE POWDER,디-트림메이트산,3G/60포/BOX,TAIWAN,"  58,266 ",일반
200512041,CAVID CHEWABLE TABLET,카비드츄어블정,30TAB/BOTTLE,NORWAY,"  367,108 ",일반
200512041,CAVID CHEWABLE TABLET,카비드츄어블정,60TAB/BOTTLE,NORWAY,"  480,602 ",일반
200512347,DULCOLAX SUPP 10MG,둘코락스좌약,50SUPP/1FOIL/PACK,INDONESIA,"  808,602 ",일반
200512347,DULCOLAX SUPP 10MG,둘코락스좌약,5SUPP/1FOIL/PACK,INDONESIA,"  101,388 ",일반
200603856,NICOTINELL GUM 2MG,니코틴엘껌2밀리그램,6EA/4PTP/PACK,SWITZERLAND,"  625,352 ",일반
200603871,COFREL TAB,코프렐정,10TAB/10PTP/CARTON,CHINA,"  47,655 ",일반
200603871,COFREL TAB,코프렐정,500TAB/BOTTLE,CHINA,"  93,554 ",일반
200603935,IODOSORB OINTMENT,아이오도좁연고,10G/4TUBE/BOX,AUSTRALIA,"  4,602 ",일반
200603937,REFRESH TEARS OPHTHALMIC SOLUTION,리프레쉬티어즈점안액,15ML/BOTTLE,USA,"  189,387 ",일반
200604039,KOKANDO SENNA BUNPO,황한당센나분포,25BAG/PACK,JAPAN,"  28,480 ",일반
200604039,KOKANDO SENNA BUNPO,황한당센나분포,50BAG/PACK,JAPAN,"  10,357 ",일반
200605268,ZYRTEC SOLUTION (CETIRIZINE DIHYDROCHLORIDE),지르텍액,100ML/1BOTTLE/BOX,ITALY,"  46,867 ",일반
200606295,GAVISCON PEPPERMINT SUSPENSION,개비스콘페퍼민트현탁액,10ML/4포/60CASE/CARTON,U.K,"  49,743 ",일반
200608026,SHU CHIN NING PLASTER SHENG CHUN,서근령약교포,10PCS/BAG(10*15CM),TAIWAN,"  63,584 ",일반
200608026,SHU CHIN NING PLASTER SHENG CHUN,서근령약교포,5PIECE/BAG(10*15CM),TAIWAN,"  132,206 ",일반
200608032,INDOPLUS CATAPLASMA,인도플러스카타플라스마,6PIECE/PACK(7X14CM2),TAIWAN,"  42,700 ",일반
200608044,TRAVOGEN CREAM,트라보겐크림,20G/TUBE,AUSTRIA,"  68,000 ",일반
200608046,AZALEA CREAM,아젤리아크림,30G/TUBE,AUSTRIA,"  19,745 ",일반
200610627,SARIDON-A TAB,사리돈에이정,10TAB/1PTP/PACK,INDONESIA,"  1,127,887 ",일반
200610734,STIMOL SOLUTION,스티몰액,10ML/18SACHET/BOX,FRANCE,"  276,520 ",일반
200610734,STIMOL SOLUTION,스티몰액,10ML/36SACHET/BOX,FRANCE,"  124,007 ",일반
200610741,KEROPAP PLASTER,케로팝경고제,6PCS/PACK(7X10CM),TAIWAN,"  35,629 ",일반
200610744,TRIPLE OINTMENT,트리플연고,9G/TUBE,USA,"  9,343 ",일반
200610765,ZYRTEC TAB (CETIRIZINE DIHYDROCHLORIDE),지르텍정,10TAB/10PTP/BOX,SWITZERLAND,"  1,698,483 ",일반
200610765,ZYRTEC TAB (CETIRIZINE DIHYDROCHLORIDE),지르텍정,10TAB/1PTP/BOX,SWITZERLAND,"  4,916,331 ",일반
200610785,ADVIL LIQUIGEL SOFT CAPSULE(IBUPROFEN),애드빌리퀴겔연질캡슐,10CAP/1PTP/CARTON,AUSTRALIA,"  329,330 ",일반
200610785,ADVIL LIQUIGEL SOFT CAPSULE(IBUPROFEN),애드빌리퀴겔연질캡슐,30CAP/BOTTLE,AUSTRALIA,"  85,132 ",일반
200611549,HUATUO ZAIZAO WAN,화타재조환,8G/60포/BOX,CHINA,"  85,779 ",일반
200700150,BEROCCA EFFERVESCENT TAB.,베로카퍼포먼스발포정,15TAB/1CAN/PACK,INDONESIA,"  40,413 ",일반
200700150,BEROCCA EFFERVESCENT TAB.,베로카퍼포먼스발포정,15TAB/2CAN/PACK,INDONESIA,"  146,402 ",일반
200702858,HAN FANG PLASTER,만응안통고,10PIECE/PACK(10X15CM),CHINA,"  327,726 ",일반
200702858,HAN FANG PLASTER,만응안통고,5PIECE/PACK(10X15CM),CHINA,"  259,376 ",일반
200702858,HAN FANG PLASTER,만응안통고,6PIECE/PACK(10X15CM),CHINA,"  224,784 ",일반
200702858,HAN FANG PLASTER,만응안통고,6PIECE/PACK(7X10CM),CHINA,"  15,748 ",일반
200703926,NICORETTE GUM 2MG (NICOTINE) (COOL MINT),니코레트껌2밀리그램-쿨민트향,30PIECE/PACK,SWEDEN,"  1,987,780 ",일반
200703932,NICORETTE GUM 4MG (NICOTINE) (COOL MINT),니코레트껌4밀리그램-쿨민트향,30PIECE/PACK,SWEDEN,"  463,818 ",일반
200704593,ROHTO ZI PHAI NEW EYE DROP,로토지파이뉴점안액,12ML/BOTTLE,JAPAN,"  301,242 ",일반
200707111,SOFTAMAN SOLUTION ORIGINAL,소프타-맨액(오리지널),1000ML/BOTTLE,GERMANY,  115 ,일반
200710625,LAMISIL ONCE EXTERNAL SOLUTION,라미실원스외용액,4G/TUBE,SWITZERLAND,"  5,094,412 ",일반
200710816,NORFERRO CAPSULE,노페로캡슐,100CAP/1BOTTLE/BOX,GERMANY,"  11,303 ",일반
200710816,NORFERRO CAPSULE,노페로캡슐,30CAP/1BOTTLE/BOX,GERMANY,"  97,936 ",일반
200711294,EYEMIRU40EX EYE DROPS,아이미루40이엑스점안액,15ML/BOTTLE,JAPAN,"  496,619 ",일반
200711295,EYEMIRU CONTACT PURE EYE DROPS,아이미루콘택트퓨어점안액,10ML/BOTTLE,JAPAN,"  222,907 ",일반
200712741,LMX4 CREAM,엘엠엑스4크림,5G/TUBE,USA,"  24,024 ",일반
200800438,MAR PLUS NASAL SPRAY,마플러스나잘스프레이,20ML/1SPRAY/PACK,GERMANY,"  441,425 ",일반
200800687,MYVLAR TAB,마이보라정,21TAB/1PTP/BOX,GERMANY,"  247,606 ",일반
200800688,MINIVLAR30,미니보라30,21TAB/1PTP/BOX,GERMANY,"  57,150 ",일반
200800964,TRIQUILAR TAB,트리퀼라정,21TAB/1PTP/BOX,GERMANY,"  30,526 ",일반
200801517,REMIFEMIN TABLET,레미페민정,10TAB/6PTP/PACK,GERMANY,"  76,764 ",일반
200801645,GAVISCON DOUBLE ACTION SUSPENSION,개비스콘더블액션현탁액,10ML/12포/12CASE/1CARTON,U.K,"  88,853 ",일반
200801645,GAVISCON DOUBLE ACTION SUSPENSION,개비스콘더블액션현탁액,10ML/4포/12CASE/CARTON,U.K,"  212,720 ",일반
200802539,POLANIGHT 10% GEL,폴라나이트10%겔,10SYRINGE/KIT,AUSTRALIA,"  5,136 ",일반
200802981,LYMAN50000EMGEL,리만50000엠겔,40G/TUBE/BOX,SWAZILAND,"  26,097 ",일반
200802992,ARDOCAINZE GAUZE,아도카인즈거즈,3G/3매/PACK,CHINA,"  90,000 ",일반
200804589,AFTACH TAB,아프타치정,10TAB/1PTP/PACK,JAPAN,"  411,950 ",일반
200805522,REDOXON DOUBLE ACTION EFFERVESCENT TAB.,레덕손더블액션발포정,15TAB/2CAN/PACK,INDONESIA,"  37,031 ",일반
200806434,TARO AMMONIUM LACTATE LOTION 12%,타로암모늄락테이트로션12%,225G/BOTTLE,CANADA,"  139,776 ",일반
200806541,ELL-CRANELL ALPHA SOLUTION 0.025%,엘-크라넬알파액0.025%,100ML/BOTTLE,GERMANY,"  154,701 ",일반
200806734,KETOPAP TEH SENG,재우스득생극통약포카타플라스마,6매/PACK(7CMX14CM),TAIWAN,"  33,799 ",일반
200807207,MELIANE TAB,멜리안정,21TAB/1PTP/BOX,SWITZERLAND,"  114,414 ",일반
200807251,THERAFLU DAYTIME SEVERE COLD SYRUP,테라플루데이타임건조시럽,14.888G/6SACHET/CARTON,CANADA,"  944,956 ",일반
200807357,THERAFLU NIGHTTIME SEVERE COLD SYRU P,테라플루나이트타임건조시럽,14.888G/6SACHET/CARTON,CANADA,"  1,884,995 ",일반
200807751,TEH SENG JUNG WHA JIN TONG KAO,중화진통고,6매/PACK(10X15CM),TAIWAN,"  189,553 ",일반
200809718,ZANTAC TAB 75MG,잔탁정75밀리그램,12TAB/1PTP/PACK,SPAIN,"  11,141 ",일반
200809718,ZANTAC TAB 75MG,잔탁정75밀리그램,12TAB/4PTP/PACK,SPAIN,"  25,808 ",일반
200810107,DONGGAMGO PLASTER,동감고첩부제,"5매/BAG(1매:9X15CM,6.3G)",TAIWAN,"  183,004 ",일반
200810428,FASTUM GEL 2.5%,파스툼겔,50G/BOTTLE/BOX,ITALY,"  219,400 ",일반
200810428,FASTUM GEL 2.5%,파스툼겔,50G/TUBE,ITALY,"  84,810 ",일반
200811432,SLIM LACK DRAGEES,슬림락정,20TAB/1PTP/BOX,JAPAN,"  95,260 ",일반
200811432,SLIM LACK DRAGEES,슬림락정,50TAB/1PTP/BOX,JAPAN,"  96,744 ",일반
200811694,ANTISTAX TAB 360MG,안티스탁스정360밀리그램,15TAB/2PTP/PACK,GERMANY,"  108,083 ",일반
200811694,ANTISTAX TAB 360MG,안티스탁스정360밀리그램,15TAB/4PTP/PACK,GERMANY,"  570,265 ",일반
200811790,FULCARE NAIL LACQUER(CICLOPIROX),풀케어네일라카,3.3ML/1BOTTLE/BOX,GERMANY,"  1,982,967 ",일반
200811790,FULCARE NAIL LACQUER(CICLOPIROX),풀케어네일라카,3.3ML/1BOTTLE/BOX,LUXEMBOURG,"  2,226,458 ",일반
200811790,FULCARE NAIL LACQUER(CICLOPIROX),풀케어네일라카,6.6ML/1BOTTLE/BOX,GERMANY,"  1,216,286 ",일반
200900740,MUCOPECT TAB,뮤코펙트정,10TAB/1PTP/PACK,INDONESIA,"  177,272 ",일반
200900740,MUCOPECT TAB,뮤코펙트정,20TAB/1PTP/PACK,INDONESIA,"  73,076 ",일반
200900740,MUCOPECT TAB,뮤코펙트정,500TAB/BOTTLE,INDONESIA,"  1,013,649 ",일반
200901181,BUSCOPAN MONO TAB,부스코판당의정,10TAB/1PTP/PACK,INDONESIA,"  307,697 ",일반
200901181,BUSCOPAN MONO TAB,부스코판당의정,500TAB/BOTTLE,INDONESIA,"  805,282 ",일반
200901257,BUSCOPAN PLUS TAB,부스코판플러스정,10TAB/1PTP/PACK,INDONESIA,"  313,615 ",일반
200901257,BUSCOPAN PLUS TAB,부스코판플러스정,10TAB/2PTP/PACK,INDONESIA,"  225,468 ",일반
200902499,WITHONE L GRANULES,위드원엘과립,6STICK/CASE,JAPAN,"  146,591 ",일반
200902679,ROHTO C CUBE AQUA CHARGE I EYE DROPS,로토씨큐브아쿠아차지아이점안액,13ML/BOTTLE,JAPAN,"  467,428 ",일반
200902891,JANG SU KAO 'T.S',득생장수고,6매/PACK(10X15CM),TAIWAN,"  35,641 ",일반
200903962,JEUS OLAKUKO-H-PLASTER,재우스오라쿠고에이취플라스타,6매/BOX(7MM),JAPAN,"  53,009 ",일반
200905692,CLARITYNE TAB,클라리틴정,10TAB/1PTP/PACK,BELGIUM,"  237,867 ",일반
200905692,CLARITYNE TAB,클라리틴정,15TAB/2PTP/PACK,BELGIUM,"  326,603 ",일반
200905706,FESS NATURAL NASAL SPRAY,페스내추럴비강분무액,48G/CAN,AUSTRALIA,"  756,251 ",일반
200906478,DULCOLAX S COATED TABLET,둘코락스에스장용정,10TAB/2PTP/PACK,INDONESIA,"  1,734,076 ",일반
200906478,DULCOLAX S COATED TABLET,둘코락스에스장용정,10TAB/4PTP/PACK,INDONESIA,"  5,063,391 ",일반
200906478,DULCOLAX S COATED TABLET,둘코락스에스장용정,500TAB/BOTTLE,INDONESIA,"  760,853 ",일반
200906493,GOODWILLS PIG GELATINE EMPTY CAPSUL E SIZE 2,굿윌스피그젤라틴공캡슐2호,175000CAP/CARTON,CHINA,"  2,415 ",일반
200906502,GOODWILLS BOVINE GELATIN EMPTY CAPS ULE SIZE 0,굿윌스보바인젤라틴공캡슐0호,100000CAP/CARTON,CHINA,"  258,885 ",일반
200906502,GOODWILLS BOVINE GELATIN EMPTY CAPS ULE SIZE 0,굿윌스보바인젤라틴공캡슐0호,20000CAP/CARTON,CHINA,  48 ,일반
200906502,GOODWILLS BOVINE GELATIN EMPTY CAPS ULE SIZE 0,굿윌스보바인젤라틴공캡슐0호,25000CAP/CARTON,CHINA,  60 ,일반
200906502,GOODWILLS BOVINE GELATIN EMPTY CAPS ULE SIZE 0,굿윌스보바인젤라틴공캡슐0호,59000CAP/CARTON,CHINA,  142 ,일반
200906502,GOODWILLS BOVINE GELATIN EMPTY CAPS ULE SIZE 0,굿윌스보바인젤라틴공캡슐0호,63000CAP/CARTON,CHINA,  151 ,일반
200906502,GOODWILLS BOVINE GELATIN EMPTY CAPS ULE SIZE 0,굿윌스보바인젤라틴공캡슐0호,68000CAP/CARTON,CHINA,  163 ,일반
200906502,GOODWILLS BOVINE GELATIN EMPTY CAPS ULE SIZE 0,굿윌스보바인젤라틴공캡슐0호,70000CAP/CARTON,CHINA,  168 ,일반
200906502,GOODWILLS BOVINE GELATIN EMPTY CAPS ULE SIZE 0,굿윌스보바인젤라틴공캡슐0호,73000CAP/CARTON,CHINA,  215 ,일반
200906502,GOODWILLS BOVINE GELATIN EMPTY CAPS ULE SIZE 0,굿윌스보바인젤라틴공캡슐0호,77000CAP/CARTON,CHINA,  185 ,일반
200906502,GOODWILLS BOVINE GELATIN EMPTY CAPS ULE SIZE 0,굿윌스보바인젤라틴공캡슐0호,79000CAP/CARTON,CHINA,  190 ,일반
200906502,GOODWILLS BOVINE GELATIN EMPTY CAPS ULE SIZE 0,굿윌스보바인젤라틴공캡슐0호,80000CAP/CARTON,CHINA,  428 ,일반
200906502,GOODWILLS BOVINE GELATIN EMPTY CAPS ULE SIZE 0,굿윌스보바인젤라틴공캡슐0호,85000CAP/CARTON,CHINA,  408 ,일반
200906502,GOODWILLS BOVINE GELATIN EMPTY CAPS ULE SIZE 0,굿윌스보바인젤라틴공캡슐0호,90000CAP/CARTON,CHINA,  747 ,일반
200906502,GOODWILLS BOVINE GELATIN EMPTY CAPS ULE SIZE 0,굿윌스보바인젤라틴공캡슐0호,95000CAP/CARTON,CHINA,  456 ,일반
200906502,GOODWILLS BOVINE GELATIN EMPTY CAPS ULE SIZE 0,굿윌스보바인젤라틴공캡슐0호,96000CAP/CARTON,CHINA,  230 ,일반
200906502,GOODWILLS BOVINE GELATIN EMPTY CAPS ULE SIZE 0,굿윌스보바인젤라틴공캡슐0호,97000CAP/CARTON,CHINA,  233 ,일반
200906502,GOODWILLS BOVINE GELATIN EMPTY CAPS ULE SIZE 0,굿윌스보바인젤라틴공캡슐0호,98000CAP/CARTON,CHINA,  289 ,일반
200906503,GOODWILLS BOVINE GELATIN EMPTY CAPS ULE SIZE 1,굿윌스보바인젤라틴공캡슐1호,100000CAP/CARTON,CHINA,"  99,302 ",일반
200906503,GOODWILLS BOVINE GELATIN EMPTY CAPS ULE SIZE 1,굿윌스보바인젤라틴공캡슐1호,102000CAP/CARTON,CHINA,  220 ,일반
200906503,GOODWILLS BOVINE GELATIN EMPTY CAPS ULE SIZE 1,굿윌스보바인젤라틴공캡슐1호,105000CAP/CARTON,CHINA,  454 ,일반
200906503,GOODWILLS BOVINE GELATIN EMPTY CAPS ULE SIZE 1,굿윌스보바인젤라틴공캡슐1호,110000CAP/CARTON,CHINA,  - ,일반
200906503,GOODWILLS BOVINE GELATIN EMPTY CAPS ULE SIZE 1,굿윌스보바인젤라틴공캡슐1호,114000CAP/CARTON,CHINA,  331 ,일반
200906503,GOODWILLS BOVINE GELATIN EMPTY CAPS ULE SIZE 1,굿윌스보바인젤라틴공캡슐1호,119000CAP/CARTON,CHINA,  257 ,일반
200906503,GOODWILLS BOVINE GELATIN EMPTY CAPS ULE SIZE 1,굿윌스보바인젤라틴공캡슐1호,125000CAP/CARTON,CHINA,"  154,893 ",일반
200906503,GOODWILLS BOVINE GELATIN EMPTY CAPS ULE SIZE 1,굿윌스보바인젤라틴공캡슐1호,25000CAP/CARTON,CHINA,  54 ,일반
200906503,GOODWILLS BOVINE GELATIN EMPTY CAPS ULE SIZE 1,굿윌스보바인젤라틴공캡슐1호,48000CAP/CARTON,CHINA,  104 ,일반
200906503,GOODWILLS BOVINE GELATIN EMPTY CAPS ULE SIZE 1,굿윌스보바인젤라틴공캡슐1호,50000CAP/CARTON,CHINA,  287 ,일반
200906503,GOODWILLS BOVINE GELATIN EMPTY CAPS ULE SIZE 1,굿윌스보바인젤라틴공캡슐1호,53000CAP/CARTON,CHINA,  114 ,일반
200906503,GOODWILLS BOVINE GELATIN EMPTY CAPS ULE SIZE 1,굿윌스보바인젤라틴공캡슐1호,58000CAP/CARTON,CHINA,  251 ,일반
200906503,GOODWILLS BOVINE GELATIN EMPTY CAPS ULE SIZE 1,굿윌스보바인젤라틴공캡슐1호,60000CAP/CARTON,CHINA,  561 ,일반
200906503,GOODWILLS BOVINE GELATIN EMPTY CAPS ULE SIZE 1,굿윌스보바인젤라틴공캡슐1호,65000CAP/CARTON,CHINA,  140 ,일반
200906503,GOODWILLS BOVINE GELATIN EMPTY CAPS ULE SIZE 1,굿윌스보바인젤라틴공캡슐1호,68000CAP/CARTON,CHINA,  147 ,일반
200906503,GOODWILLS BOVINE GELATIN EMPTY CAPS ULE SIZE 1,굿윌스보바인젤라틴공캡슐1호,75000CAP/CARTON,CHINA,  162 ,일반
200906503,GOODWILLS BOVINE GELATIN EMPTY CAPS ULE SIZE 1,굿윌스보바인젤라틴공캡슐1호,80000CAP/CARTON,CHINA,  402 ,일반
200906503,GOODWILLS BOVINE GELATIN EMPTY CAPS ULE SIZE 1,굿윌스보바인젤라틴공캡슐1호,85000CAP/CARTON,CHINA,  551 ,일반
200906503,GOODWILLS BOVINE GELATIN EMPTY CAPS ULE SIZE 1,굿윌스보바인젤라틴공캡슐1호,88000CAP/CARTON,CHINA,  253 ,일반
200906503,GOODWILLS BOVINE GELATIN EMPTY CAPS ULE SIZE 1,굿윌스보바인젤라틴공캡슐1호,89000CAP/CARTON,CHINA,  192 ,일반
200906503,GOODWILLS BOVINE GELATIN EMPTY CAPS ULE SIZE 1,굿윌스보바인젤라틴공캡슐1호,90000CAP/CARTON,CHINA,  583 ,일반
200906503,GOODWILLS BOVINE GELATIN EMPTY CAPS ULE SIZE 1,굿윌스보바인젤라틴공캡슐1호,92000CAP/CARTON,CHINA,  199 ,일반
200906503,GOODWILLS BOVINE GELATIN EMPTY CAPS ULE SIZE 1,굿윌스보바인젤라틴공캡슐1호,95000CAP/CARTON,CHINA,  410 ,일반
200906504,GOODWILLS BOVINE GELATIN EMPTY CAPS ULE SIZE 2,굿윌스보바인젤라틴공캡슐2호,100000CAP/CARTON,CHINA,  214 ,일반
200906504,GOODWILLS BOVINE GELATIN EMPTY CAPS ULE SIZE 2,굿윌스보바인젤라틴공캡슐2호,112000CAP/CARTON,CHINA,  297 ,일반
200906504,GOODWILLS BOVINE GELATIN EMPTY CAPS ULE SIZE 2,굿윌스보바인젤라틴공캡슐2호,114000CAP/CARTON,CHINA,  488 ,일반
200906504,GOODWILLS BOVINE GELATIN EMPTY CAPS ULE SIZE 2,굿윌스보바인젤라틴공캡슐2호,124000CAP/CARTON,CHINA,  265 ,일반
200906504,GOODWILLS BOVINE GELATIN EMPTY CAPS ULE SIZE 2,굿윌스보바인젤라틴공캡슐2호,125000CAP/CARTON,CHINA,  331 ,일반
200906504,GOODWILLS BOVINE GELATIN EMPTY CAPS ULE SIZE 2,굿윌스보바인젤라틴공캡슐2호,127000CAP/CARTON,CHINA,  337 ,일반
200906504,GOODWILLS BOVINE GELATIN EMPTY CAPS ULE SIZE 2,굿윌스보바인젤라틴공캡슐2호,130000CAP/CARTON,CHINA,  345 ,일반
200906504,GOODWILLS BOVINE GELATIN EMPTY CAPS ULE SIZE 2,굿윌스보바인젤라틴공캡슐2호,145000CAP/CARTON,CHINA,  310 ,일반
200906504,GOODWILLS BOVINE GELATIN EMPTY CAPS ULE SIZE 2,굿윌스보바인젤라틴공캡슐2호,150000CAP/CARTON,CHINA,  321 ,일반
200906504,GOODWILLS BOVINE GELATIN EMPTY CAPS ULE SIZE 2,굿윌스보바인젤라틴공캡슐2호,160000CAP/CARTON,CHINA,  342 ,일반
200906504,GOODWILLS BOVINE GELATIN EMPTY CAPS ULE SIZE 2,굿윌스보바인젤라틴공캡슐2호,170000CAP/CARTON,CHINA,  364 ,일반
200906504,GOODWILLS BOVINE GELATIN EMPTY CAPS ULE SIZE 2,굿윌스보바인젤라틴공캡슐2호,175000CAP/CARTON,CHINA,"  161,429 ",일반
200906504,GOODWILLS BOVINE GELATIN EMPTY CAPS ULE SIZE 2,굿윌스보바인젤라틴공캡슐2호,58000CAP/CARTON,CHINA,  124 ,일반
200906504,GOODWILLS BOVINE GELATIN EMPTY CAPS ULE SIZE 2,굿윌스보바인젤라틴공캡슐2호,60000CAP/CARTON,CHINA,  128 ,일반
200906504,GOODWILLS BOVINE GELATIN EMPTY CAPS ULE SIZE 2,굿윌스보바인젤라틴공캡슐2호,63000CAP/CARTON,CHINA,  135 ,일반
200906504,GOODWILLS BOVINE GELATIN EMPTY CAPS ULE SIZE 2,굿윌스보바인젤라틴공캡슐2호,68000CAP/CARTON,CHINA,  146 ,일반
200906504,GOODWILLS BOVINE GELATIN EMPTY CAPS ULE SIZE 2,굿윌스보바인젤라틴공캡슐2호,70000CAP/CARTON,CHINA,  186 ,일반
200906504,GOODWILLS BOVINE GELATIN EMPTY CAPS ULE SIZE 2,굿윌스보바인젤라틴공캡슐2호,85000CAP/CARTON,CHINA,  182 ,일반
200906504,GOODWILLS BOVINE GELATIN EMPTY CAPS ULE SIZE 2,굿윌스보바인젤라틴공캡슐2호,90000CAP/CARTON,CHINA,  193 ,일반
200906505,GOODWILLS BOVINE GELATIN EMPTY CAPS ULE SIZE 3,굿윌스보바인젤라틴공캡슐3호,210000CAP/CARTON,CHINA,  599 ,일반
200906505,GOODWILLS BOVINE GELATIN EMPTY CAPS ULE SIZE 3,굿윌스보바인젤라틴공캡슐3호,225000CAP/CARTON,CHINA,"  18,596 ",일반
200906506,GOODWILLS BOVINE GELATIN EMPTY CAPS ULE SIZE 4,굿윌스보바인젤라틴공캡슐4호,107000CAP/CARTON,CHINA,  227 ,일반
200906506,GOODWILLS BOVINE GELATIN EMPTY CAPS ULE SIZE 4,굿윌스보바인젤라틴공캡슐4호,300000CAP/CARTON,CHINA,"  9,540 ",일반
200906877,"STREPSIL HONEY AND LEMON LOZENGE, STREPSIL ORANGE TROCHE","스트렙실허니앤레몬트로키,스트렙실오렌지트로키",(12TROCHE/1PTP)X72CARTON/CASE,U.K,"  200,885 ",일반
200907060,MINION PLASTER,미니온플라스타,60매/CASE,JAPAN,"  180,578 ",일반
200907060,MINION PLASTER,미니온플라스타,96매/CASE,JAPAN,"  527,527 ",일반
200907143,MUCOPECT SYRUP 100ML 15MG 1BOT,뮤코펙트시럽15mg/5mL,100ML/BOTTLE,GERMANY,"  59,041 ",일반
200907915,NORZYME 10000 CAPSULE,노자임캡슐10000,100CAP/1BOTTLE/BOX,GERMANY,"  116,300 ",일반
200908339,LEVAN H INSTILL OINTMENT,레반에이치주입연고,2G/10BOTTLE/BOX,JAPAN,"  122,114 ",일반
200908760,MICROSHIELD 2 SOLUTIONS,마이크로실드2액,1.5L/BOTTLE,AUSTRALIA,"  62,698 ",일반
200908760,MICROSHIELD 2 SOLUTIONS,마이크로실드2액,500ML/BOTTLE,AUSTRALIA,"  86,715 ",일반
201006974,BIOFLOR 250 POWDER,비오플250산,200포/CASE,FRANCE,"  5,215,096 ",일반
201101004,CALTRATE D 400,칼트레이트디400,30TAB/1BOTTLE/CARTON,AUSTRALIA,"  4,039 ",일반
201101004,CALTRATE D 400,칼트레이트디400,60TAB/1BOTTLE/CARTON,AUSTRALIA,"  104,966 ",일반
201101292,THERAFLU COLD AND COUGH NIGHT TIME,테라플루콜드앤코프나이트타임건조시럽,10.060G/10SACHET/CARTON,USA,"  730,037 ",일반
201101293,THERAFLU COLD AND COUGH DAY TIME,테라플루콜드앤코프데이타임건조시럽,10.060G/10SACHET/CARTON,USA,"  757,475 ",일반
201104297,NICORETTE INVISI PATCH,니코레트인비지패취,7매/PACK(13.5X13.5CM),GERMANY,"  333,731 ",일반
201104297,NICORETTE INVISI PATCH,니코레트인비지패취,7매/PACK(22.5X22.5CM),GERMANY,"  336,588 ",일반
201104297,NICORETTE INVISI PATCH,니코레트인비지패취,7매/PACK(9X9CM),GERMANY,"  264,381 ",일반
201109823,RUPING EYE DROP,루핑점안액,0.5ML/30TUBE/PACK,JAPAN,"  614,930 ",일반
201109823,RUPING EYE DROP,루핑점안액,0.5ML/36TUBE/PACK,JAPAN,"  93,546 ",일반
201201493,BIOARGININA ORAL SOLUTION,바이오아지니나액,20ML/20VIAL/BOX,ITALY,"  343,742 ",일반
201202208,VANTELINKOWA CREAMY GEL,반테린코와크리미겔,35G/TUBE,JAPAN,"  40,238 ",일반
201205362,CREON CAP 25000,크레온캡슐25000,100CAP/BOTTLE,GERMANY,"  356,965 ",일반
201205364,CREON CAP 40000,크레온캡슐40000,100CAP/BOTTLE,GERMANY,"  142,513 ",일반
201206423,DIFFLAM SPRAY 0.3%,디프람스프레이0.3%,15ML/BOTTLE,AUSTRALIA,"  121,971 ",일반
201206706,SENSELIBE TAB,센스리베정,21TAB/1PTP/BOX,U.K,"  536,020 ",일반
201208472,LIPOSIC EDO OPHTHALMIC GEL,리포직이디오점안겔,0.6G/30TUBE/PACK,GERMANY,"  244,458 ",일반
201209010,THE GUARD KOWA INTESTINAL REGULATOR TAB,더가드코와정장정,160TAB/BOTTLE,JAPAN,"  97,345 ",일반
201209010,THE GUARD KOWA INTESTINAL REGULATOR TAB,더가드코와정장정,560TAB/BOTTLE,JAPAN,"  72,662 ",일반
201209481,EYEMIRU40EXGOLD EYE DROPS,아이미루40이엑스골드점안액,13ML/BOTTLE,JAPAN,"  131,325 ",일반
201306134,BIOFLOR 250 CAPSULE,비오플250캡슐,6CAP/8PTP/CASE,FRANCE,"  1,020,680 ",일반
201307158,CALTRATE PLUS D 500 TAB,칼트레이트플러스디500정,60TAB/2BOTTLE/CARTON,AUSTRALIA,"  107,634 ",일반
201307930,NORZYME 40000 CAPSULE,노자임캡슐40000,100CAP/1BOTTLE/BOX,GERMANY,"  389,556 ",일반
201308929,CAPSUGEL YELLOW GELATIN EMPTY CAP NO.5,종근당캡슈겔옐로우젤라틴공캡슐5호,350000CAPS/BOX,JAPAN,"  76,596 ",일반
201308930,CAPSUGEL GELATIN EMPTY CAPSULE NO.4,종근당캡슈겔젤라틴공캡슐4호,10000CAPS/BOX,JAPAN,  718 ,일반
201308931,CAPSUGEL WHITE GELATIN EMPTY CAP NO.5,종근당캡슈겔화이트젤라틴공캡슐5호,350000CAPS/BOX,JAPAN,"  274,523 ",일반
201309222,WHITUBEN NASAL SPRAY 0.05%,화이투벤나잘스프레이0.5%,1BOTTLE/BOX,DENMARK,"  56,902 ",일반
201309223,WHITUBEN MENTHOL NASAL SPRAY 0.1%/WHITUBEN NASAL SPRAY 0.1%,화이투벤나잘스프레이0.1%/화이투벤멘톨나잘스프레이0.1%,1BOTTLE/BOX,DENMARK,"  226,539 ",일반
201309381,CABE 2 KOWA GRANULE,카베2코와과립,1300MG/BAG,JAPAN,"  181,748 ",일반
201309382,CABAGIN KOWA S TAB,카베진코와에스정,320TAB/BOTTLE,JAPAN,"  1,018,009 ",일반
201310917,ACTINUM EX PLUS TAB,액티넘이엑스플러스정,120TAB/BOTTLE,JAPAN,"  1,063,756 ",일반
201310917,ACTINUM EX PLUS TAB,액티넘이엑스플러스정,180TAB/BOTTLE,JAPAN,"  355,180 ",일반
201401236,DEARME TAB,디어미정,21TAB/1PTP/PACK,SWITZERLAND,"  351,612 ",일반
201401964,BETADINE THROAT SPRAY,베타딘인후스프레이,50ML/BOTTLE,CYPRUS,"  238,949 ",일반
201402095,Q&P KOWA GOLD ALPHA TAB,큐피코와골드알파정,90TAB/BOTTLE,JAPAN,"  56,113 ",일반
201404234,SARIDON S TAB',사리돈에스정,10TAB/1PTP/BOX,INDONESIA,"  60,467 ",일반
201500494,DICLOMED SOLUTION 0.074%(DICLOFENAC),디클로메드액0.074%,200ML/BOTTLE,ITALY,"  186,227 ",일반
201506617,TAKEDA ALBOTHYL CONCENTRATE SOLUTION,다케다알보칠콘센트레이트액,100ML/BOTTLE,GERMANY,"  89,251 ",일반
201506617,TAKEDA ALBOTHYL CONCENTRATE SOLUTION,다케다알보칠콘센트레이트액,5ML/BOTTLE,GERMANY,"  1,837,779 ",일반
201506815,CENTIREX SILVER ADVANCE TAB.,센티렉스실버어드밴스정,30TAB/BOTTLE,TAIWAN,"  345,672 ",일반
201506816,CENTIREX ADVANCE TAB.,센티렉스어드밴스정,30TAB/BOTTLE,TAIWAN,"  840,010 ",일반
201507744,KAMISTAD N GEL,카미스타드-엔겔,10G/1TUBE/BOX,GERMANY,"  83,479 ",일반
201507770,EYEBON W EYEWASH SOLUTION,아이봉더블유세안액,100ML/BOTTLE,JAPAN,"  209,778 ",일반
201507770,EYEBON W EYEWASH SOLUTION,아이봉더블유세안액,480ML/BOTTLE,JAPAN,"  133,374 ",일반
201507770,EYEBON W EYEWASH SOLUTION,아이봉더블유세안액,90ML/BOTTLE,JAPAN,"  284,314 ",일반
201507771,EYEBON C EYEWASH SOLUTION,아이봉씨세안액,480ML/BOTTLE,JAPAN,"  133,109 ",일반
201508448,KERATINAMIN KOWA W CREAM,케라티나민코와더블유크림,40G/TUBE,JAPAN,"  73,362 ",일반
201600206,KNF EMPTY GELATIN CAPSULE SIZE 4,케이앤에프젤라틴공캡슐4호,250000CAP/CARTON,JAPAN,"  146,646 ",일반
201601386,HMC NF ACID,에이치엠씨엔에프산,1KG/CAN,SWITZERLAND,"  195,700 ",일반
201602683,ELEVIT TAB,엘레비트정,10TAB/10PTP/PACK,SWITZERLAND,"  375,973 ",일반
201603141,TRANSINO 2 TAB,트란시노2정,6TAB/20PTP/BOX,JAPAN,"  232,361 ",일반
201603402,PROSPAN SYRUP,광동푸로스판시럽,200ML/BOTTLE,GERMANY,"  138,764 ",일반
201604876,SICCAPOS GEL,시카포스겔,10G/TUBE,GERMANY,"  74,179 ",일반
201604986,RESTAMIN KOWA POWDER CREAM,레스타민코와파우더크림,40G/TUBE,JAPAN,"  82,433 ",일반
201606059,ROGAINE 5% FOAM AEROSAL (MINOXIDIL),로게인5%폼에어로졸,60G/3CAN/PACK,SWITZERLAND,"  270,120 ",일반
201606059,ROGAINE 5% FOAM AEROSAL (MINOXIDIL),로게인5%폼에어로졸,60G/CAN/PACK,SWITZERLAND,"  169,883 ",일반
201607127,ACTINUM EX GOLD TAB,액티넘이엑스골드정,90TAB/BOTTLE,JAPAN,"  1,584,124 ",일반
201703162,EMPTY HARD GELATIN CAPSULE #1,타스코젤라틴공캡슐1호,100000CAP/CARTON,INDIA,"  3,150 ",일반
201703163,EMPTY HARD GELATIN CAPSULE #0,타스코젤라틴공캡슐0호,100000CAP/CARTON,INDIA,"  161,805 ",일반
201705165,YENAGEN 0.1% VAGINAL SOLUTION,예나젠질용액,140ML/5BOTTLE/BOX,ITALY,"  22,071 ",일반
201706237,BONITA TABLET,보니타정,21TAB/1PTP/PACK,SPAIN,"  146,475 ",일반
201707373,VANTELIN KOWA EX CREAM,반테린코와이엑스크림,35G/TUBE,JAPAN,"  49,913 ",일반
201708640,CEFASEL TAB 100MCG,세파셀정100마이크로그램,20TAB/10PTP/BOX,GERMANY,"  264,589 ",일반
201708640,CEFASEL TAB 100MCG,세파셀정100마이크로그램,20TAB/3PTP/BOX,GERMANY,"  44,983 ",일반
201801854,OCTENISIPT SOLUTION 50ML,옥테니셉트액,50ML/BOTTLE,GERMANY,"  108,731 ",일반