,Time,User,Tweet
0,2022-10-17 01:42:20+00:00,therightsquare,"RT @mazin_043uma: 위기탈출 넘버원에서도 광견병에 걸린 동물에게 상처를 입었을 경우에는 최대한 빨리 상처부위를 흐르는 물로 여러번 씻어내리고서 병원에 가라고 몇번이나 방송했음

광견병 동물에게 상처를 입고서 최대한 빨리 상처부위를 물로…"
1,2022-10-17 01:42:15+00:00,voszh2873,"RT @mazin_043uma: 위기탈출 넘버원에서도 광견병에 걸린 동물에게 상처를 입었을 경우에는 최대한 빨리 상처부위를 흐르는 물로 여러번 씻어내리고서 병원에 가라고 몇번이나 방송했음

광견병 동물에게 상처를 입고서 최대한 빨리 상처부위를 물로…"
2,2022-10-17 01:38:33+00:00,DDADDA_55,"RT @mazin_043uma: 위기탈출 넘버원에서도 광견병에 걸린 동물에게 상처를 입었을 경우에는 최대한 빨리 상처부위를 흐르는 물로 여러번 씻어내리고서 병원에 가라고 몇번이나 방송했음

광견병 동물에게 상처를 입고서 최대한 빨리 상처부위를 물로…"
3,2022-10-17 01:38:28+00:00,kkya_ding,"RT @mazin_043uma: 위기탈출 넘버원에서도 광견병에 걸린 동물에게 상처를 입었을 경우에는 최대한 빨리 상처부위를 흐르는 물로 여러번 씻어내리고서 병원에 가라고 몇번이나 방송했음

광견병 동물에게 상처를 입고서 최대한 빨리 상처부위를 물로…"
4,2022-10-17 01:37:19+00:00,3b_vieww,"RT @mazin_043uma: 위기탈출 넘버원에서도 광견병에 걸린 동물에게 상처를 입었을 경우에는 최대한 빨리 상처부위를 흐르는 물로 여러번 씻어내리고서 병원에 가라고 몇번이나 방송했음

광견병 동물에게 상처를 입고서 최대한 빨리 상처부위를 물로…"
5,2022-10-17 01:35:35+00:00,desicmade,"RT @boss_gold_99: 저 정말 여러번 강조하고 싶습니다 국내에서 너구리같은 야생동물을 제외하고 광견병 감염 보고가 올라온게 끊긴 것이 2014년으로 알고 있고, 그래서 저희 아이가 광견병이라는 걸 떠올리기도 어려웠어요 병원측에서도 실내동물…"
6,2022-10-17 01:31:51+00:00,miranda_9210,"RT @mazin_043uma: 위기탈출 넘버원에서도 광견병에 걸린 동물에게 상처를 입었을 경우에는 최대한 빨리 상처부위를 흐르는 물로 여러번 씻어내리고서 병원에 가라고 몇번이나 방송했음

광견병 동물에게 상처를 입고서 최대한 빨리 상처부위를 물로…"
7,2022-10-17 01:31:43+00:00,meggggegggg,"RT @mazin_043uma: 위기탈출 넘버원에서도 광견병에 걸린 동물에게 상처를 입었을 경우에는 최대한 빨리 상처부위를 흐르는 물로 여러번 씻어내리고서 병원에 가라고 몇번이나 방송했음

광견병 동물에게 상처를 입고서 최대한 빨리 상처부위를 물로…"
8,2022-10-17 01:26:40+00:00,Hong_si_,"RT @boss_gold_99: 저 정말 여러번 강조하고 싶습니다 국내에서 너구리같은 야생동물을 제외하고 광견병 감염 보고가 올라온게 끊긴 것이 2014년으로 알고 있고, 그래서 저희 아이가 광견병이라는 걸 떠올리기도 어려웠어요 병원측에서도 실내동물…"
9,2022-10-17 01:23:18+00:00,OD_317_2,"RT @mazin_043uma: 위기탈출 넘버원에서도 광견병에 걸린 동물에게 상처를 입었을 경우에는 최대한 빨리 상처부위를 흐르는 물로 여러번 씻어내리고서 병원에 가라고 몇번이나 방송했음

광견병 동물에게 상처를 입고서 최대한 빨리 상처부위를 물로…"
10,2022-10-17 01:22:33+00:00,painmackerelcan,"RT @mazin_043uma: 위기탈출 넘버원에서도 광견병에 걸린 동물에게 상처를 입었을 경우에는 최대한 빨리 상처부위를 흐르는 물로 여러번 씻어내리고서 병원에 가라고 몇번이나 방송했음

광견병 동물에게 상처를 입고서 최대한 빨리 상처부위를 물로…"
11,2022-10-17 01:14:20+00:00,oddiddadd,"RT @mazin_043uma: 위기탈출 넘버원에서도 광견병에 걸린 동물에게 상처를 입었을 경우에는 최대한 빨리 상처부위를 흐르는 물로 여러번 씻어내리고서 병원에 가라고 몇번이나 방송했음

광견병 동물에게 상처를 입고서 최대한 빨리 상처부위를 물로…"
12,2022-10-17 01:13:02+00:00,kimkonaen_,"RT @mazin_043uma: 위기탈출 넘버원에서도 광견병에 걸린 동물에게 상처를 입었을 경우에는 최대한 빨리 상처부위를 흐르는 물로 여러번 씻어내리고서 병원에 가라고 몇번이나 방송했음

광견병 동물에게 상처를 입고서 최대한 빨리 상처부위를 물로…"
13,2022-10-17 01:08:20+00:00,seh_commu,"RT @mazin_043uma: 위기탈출 넘버원에서도 광견병에 걸린 동물에게 상처를 입었을 경우에는 최대한 빨리 상처부위를 흐르는 물로 여러번 씻어내리고서 병원에 가라고 몇번이나 방송했음

광견병 동물에게 상처를 입고서 최대한 빨리 상처부위를 물로…"
14,2022-10-17 01:07:30+00:00,Du_Kong_1,"RT @mazin_043uma: 위기탈출 넘버원에서도 광견병에 걸린 동물에게 상처를 입었을 경우에는 최대한 빨리 상처부위를 흐르는 물로 여러번 씻어내리고서 병원에 가라고 몇번이나 방송했음

광견병 동물에게 상처를 입고서 최대한 빨리 상처부위를 물로…"
15,2022-10-17 01:04:52+00:00,shina__00000,"RT @mazin_043uma: 위기탈출 넘버원에서도 광견병에 걸린 동물에게 상처를 입었을 경우에는 최대한 빨리 상처부위를 흐르는 물로 여러번 씻어내리고서 병원에 가라고 몇번이나 방송했음

광견병 동물에게 상처를 입고서 최대한 빨리 상처부위를 물로…"
16,2022-10-17 01:04:37+00:00,Quo_nim,"RT @mazin_043uma: 위기탈출 넘버원에서도 광견병에 걸린 동물에게 상처를 입었을 경우에는 최대한 빨리 상처부위를 흐르는 물로 여러번 씻어내리고서 병원에 가라고 몇번이나 방송했음

광견병 동물에게 상처를 입고서 최대한 빨리 상처부위를 물로…"
17,2022-10-17 01:04:13+00:00,Mabi_Rex,"RT @mazin_043uma: 위기탈출 넘버원에서도 광견병에 걸린 동물에게 상처를 입었을 경우에는 최대한 빨리 상처부위를 흐르는 물로 여러번 씻어내리고서 병원에 가라고 몇번이나 방송했음

광견병 동물에게 상처를 입고서 최대한 빨리 상처부위를 물로…"
18,2022-10-17 01:03:08+00:00,Zerang_,"RT @mazin_043uma: 위기탈출 넘버원에서도 광견병에 걸린 동물에게 상처를 입었을 경우에는 최대한 빨리 상처부위를 흐르는 물로 여러번 씻어내리고서 병원에 가라고 몇번이나 방송했음

광견병 동물에게 상처를 입고서 최대한 빨리 상처부위를 물로…"
19,2022-10-17 01:03:07+00:00,Cosmicdust_2647,"RT @mazin_043uma: 위기탈출 넘버원에서도 광견병에 걸린 동물에게 상처를 입었을 경우에는 최대한 빨리 상처부위를 흐르는 물로 여러번 씻어내리고서 병원에 가라고 몇번이나 방송했음

광견병 동물에게 상처를 입고서 최대한 빨리 상처부위를 물로…"
20,2022-10-17 00:55:39+00:00,chospinky,"RT @boss_gold_99: 저 정말 여러번 강조하고 싶습니다 국내에서 너구리같은 야생동물을 제외하고 광견병 감염 보고가 올라온게 끊긴 것이 2014년으로 알고 있고, 그래서 저희 아이가 광견병이라는 걸 떠올리기도 어려웠어요 병원측에서도 실내동물…"
21,2022-10-17 00:52:47+00:00,clown_ZH,"RT @mazin_043uma: 위기탈출 넘버원에서도 광견병에 걸린 동물에게 상처를 입었을 경우에는 최대한 빨리 상처부위를 흐르는 물로 여러번 씻어내리고서 병원에 가라고 몇번이나 방송했음

광견병 동물에게 상처를 입고서 최대한 빨리 상처부위를 물로…"
22,2022-10-17 00:48:48+00:00,HorangP,"RT @mazin_043uma: 위기탈출 넘버원에서도 광견병에 걸린 동물에게 상처를 입었을 경우에는 최대한 빨리 상처부위를 흐르는 물로 여러번 씻어내리고서 병원에 가라고 몇번이나 방송했음

광견병 동물에게 상처를 입고서 최대한 빨리 상처부위를 물로…"
23,2022-10-17 00:40:17+00:00,jamacfox,"RT @mazin_043uma: 위기탈출 넘버원에서도 광견병에 걸린 동물에게 상처를 입었을 경우에는 최대한 빨리 상처부위를 흐르는 물로 여러번 씻어내리고서 병원에 가라고 몇번이나 방송했음

광견병 동물에게 상처를 입고서 최대한 빨리 상처부위를 물로…"
24,2022-10-17 00:40:07+00:00,Citakn_is,"RT @mazin_043uma: 위기탈출 넘버원에서도 광견병에 걸린 동물에게 상처를 입었을 경우에는 최대한 빨리 상처부위를 흐르는 물로 여러번 씻어내리고서 병원에 가라고 몇번이나 방송했음

광견병 동물에게 상처를 입고서 최대한 빨리 상처부위를 물로…"
25,2022-10-17 00:39:57+00:00,Yoonbanryoung,"RT @mazin_043uma: 위기탈출 넘버원에서도 광견병에 걸린 동물에게 상처를 입었을 경우에는 최대한 빨리 상처부위를 흐르는 물로 여러번 씻어내리고서 병원에 가라고 몇번이나 방송했음

광견병 동물에게 상처를 입고서 최대한 빨리 상처부위를 물로…"
26,2022-10-17 00:39:38+00:00,ooo000o00oo0,"RT @mazin_043uma: 위기탈출 넘버원에서도 광견병에 걸린 동물에게 상처를 입었을 경우에는 최대한 빨리 상처부위를 흐르는 물로 여러번 씻어내리고서 병원에 가라고 몇번이나 방송했음

광견병 동물에게 상처를 입고서 최대한 빨리 상처부위를 물로…"
27,2022-10-17 00:39:34+00:00,saporopopo,"RT @mazin_043uma: 위기탈출 넘버원에서도 광견병에 걸린 동물에게 상처를 입었을 경우에는 최대한 빨리 상처부위를 흐르는 물로 여러번 씻어내리고서 병원에 가라고 몇번이나 방송했음

광견병 동물에게 상처를 입고서 최대한 빨리 상처부위를 물로…"
28,2022-10-17 00:35:12+00:00,Blueson_Lover,"RT @mazin_043uma: 위기탈출 넘버원에서도 광견병에 걸린 동물에게 상처를 입었을 경우에는 최대한 빨리 상처부위를 흐르는 물로 여러번 씻어내리고서 병원에 가라고 몇번이나 방송했음

광견병 동물에게 상처를 입고서 최대한 빨리 상처부위를 물로…"
29,2022-10-17 00:34:47+00:00,W_IMOVOMI_W,"RT @mazin_043uma: 위기탈출 넘버원에서도 광견병에 걸린 동물에게 상처를 입었을 경우에는 최대한 빨리 상처부위를 흐르는 물로 여러번 씻어내리고서 병원에 가라고 몇번이나 방송했음

광견병 동물에게 상처를 입고서 최대한 빨리 상처부위를 물로…"
30,2022-10-17 00:33:20+00:00,buy_chicken_u3u,"RT @mazin_043uma: 위기탈출 넘버원에서도 광견병에 걸린 동물에게 상처를 입었을 경우에는 최대한 빨리 상처부위를 흐르는 물로 여러번 씻어내리고서 병원에 가라고 몇번이나 방송했음

광견병 동물에게 상처를 입고서 최대한 빨리 상처부위를 물로…"
31,2022-10-17 00:31:50+00:00,0119pm_am,"RT @mazin_043uma: 위기탈출 넘버원에서도 광견병에 걸린 동물에게 상처를 입었을 경우에는 최대한 빨리 상처부위를 흐르는 물로 여러번 씻어내리고서 병원에 가라고 몇번이나 방송했음

광견병 동물에게 상처를 입고서 최대한 빨리 상처부위를 물로…"
32,2022-10-17 00:29:57+00:00,hosino_baekpal,"RT @boss_gold_99: 저 정말 여러번 강조하고 싶습니다 국내에서 너구리같은 야생동물을 제외하고 광견병 감염 보고가 올라온게 끊긴 것이 2014년으로 알고 있고, 그래서 저희 아이가 광견병이라는 걸 떠올리기도 어려웠어요 병원측에서도 실내동물…"
33,2022-10-17 00:24:08+00:00,plexiform,"RT @mazin_043uma: 위기탈출 넘버원에서도 광견병에 걸린 동물에게 상처를 입었을 경우에는 최대한 빨리 상처부위를 흐르는 물로 여러번 씻어내리고서 병원에 가라고 몇번이나 방송했음

광견병 동물에게 상처를 입고서 최대한 빨리 상처부위를 물로…"
34,2022-10-17 00:22:32+00:00,bittersweet_946,"RT @mazin_043uma: 위기탈출 넘버원에서도 광견병에 걸린 동물에게 상처를 입었을 경우에는 최대한 빨리 상처부위를 흐르는 물로 여러번 씻어내리고서 병원에 가라고 몇번이나 방송했음

광견병 동물에게 상처를 입고서 최대한 빨리 상처부위를 물로…"
35,2022-10-17 00:19:00+00:00,nha_nha__,"RT @mazin_043uma: 위기탈출 넘버원에서도 광견병에 걸린 동물에게 상처를 입었을 경우에는 최대한 빨리 상처부위를 흐르는 물로 여러번 씻어내리고서 병원에 가라고 몇번이나 방송했음

광견병 동물에게 상처를 입고서 최대한 빨리 상처부위를 물로…"
36,2022-10-17 00:16:04+00:00,U_n_Young,"RT @mazin_043uma: 위기탈출 넘버원에서도 광견병에 걸린 동물에게 상처를 입었을 경우에는 최대한 빨리 상처부위를 흐르는 물로 여러번 씻어내리고서 병원에 가라고 몇번이나 방송했음

광견병 동물에게 상처를 입고서 최대한 빨리 상처부위를 물로…"
37,2022-10-17 00:14:27+00:00,ono52535,"RT @mazin_043uma: 위기탈출 넘버원에서도 광견병에 걸린 동물에게 상처를 입었을 경우에는 최대한 빨리 상처부위를 흐르는 물로 여러번 씻어내리고서 병원에 가라고 몇번이나 방송했음

광견병 동물에게 상처를 입고서 최대한 빨리 상처부위를 물로…"
38,2022-10-17 00:13:07+00:00,LawDambi,"RT @boss_gold_99: 저 정말 여러번 강조하고 싶습니다 국내에서 너구리같은 야생동물을 제외하고 광견병 감염 보고가 올라온게 끊긴 것이 2014년으로 알고 있고, 그래서 저희 아이가 광견병이라는 걸 떠올리기도 어려웠어요 병원측에서도 실내동물…"
39,2022-10-17 00:11:44+00:00,taemin_cos,"RT @mazin_043uma: 위기탈출 넘버원에서도 광견병에 걸린 동물에게 상처를 입었을 경우에는 최대한 빨리 상처부위를 흐르는 물로 여러번 씻어내리고서 병원에 가라고 몇번이나 방송했음

광견병 동물에게 상처를 입고서 최대한 빨리 상처부위를 물로…"
40,2022-10-17 00:08:26+00:00,mymythis,"RT @mazin_043uma: 위기탈출 넘버원에서도 광견병에 걸린 동물에게 상처를 입었을 경우에는 최대한 빨리 상처부위를 흐르는 물로 여러번 씻어내리고서 병원에 가라고 몇번이나 방송했음

광견병 동물에게 상처를 입고서 최대한 빨리 상처부위를 물로…"
41,2022-10-17 00:08:01+00:00,tjmskk,"RT @mazin_043uma: 위기탈출 넘버원에서도 광견병에 걸린 동물에게 상처를 입었을 경우에는 최대한 빨리 상처부위를 흐르는 물로 여러번 씻어내리고서 병원에 가라고 몇번이나 방송했음

광견병 동물에게 상처를 입고서 최대한 빨리 상처부위를 물로…"
42,2022-10-17 00:07:41+00:00,_mayoda,"RT @mazin_043uma: 위기탈출 넘버원에서도 광견병에 걸린 동물에게 상처를 입었을 경우에는 최대한 빨리 상처부위를 흐르는 물로 여러번 씻어내리고서 병원에 가라고 몇번이나 방송했음

광견병 동물에게 상처를 입고서 최대한 빨리 상처부위를 물로…"
43,2022-10-17 00:07:10+00:00,EunHo165_159,"RT @mazin_043uma: 위기탈출 넘버원에서도 광견병에 걸린 동물에게 상처를 입었을 경우에는 최대한 빨리 상처부위를 흐르는 물로 여러번 씻어내리고서 병원에 가라고 몇번이나 방송했음

광견병 동물에게 상처를 입고서 최대한 빨리 상처부위를 물로…"
44,2022-10-17 00:04:44+00:00,JkGalch,"RT @mazin_043uma: 위기탈출 넘버원에서도 광견병에 걸린 동물에게 상처를 입었을 경우에는 최대한 빨리 상처부위를 흐르는 물로 여러번 씻어내리고서 병원에 가라고 몇번이나 방송했음

광견병 동물에게 상처를 입고서 최대한 빨리 상처부위를 물로…"
45,2022-10-17 00:04:33+00:00,M51uZLnE2bW33Jj,"RT @boss_gold_99: 저 정말 여러번 강조하고 싶습니다 국내에서 너구리같은 야생동물을 제외하고 광견병 감염 보고가 올라온게 끊긴 것이 2014년으로 알고 있고, 그래서 저희 아이가 광견병이라는 걸 떠올리기도 어려웠어요 병원측에서도 실내동물…"
46,2022-10-17 00:03:59+00:00,RLEOGKa,지난해 국립대병원 원내감염 11.8%↑…분당서울대병원 ‘최다’
47,2022-10-17 00:02:00+00:00,mayeon_D,"RT @mazin_043uma: 위기탈출 넘버원에서도 광견병에 걸린 동물에게 상처를 입었을 경우에는 최대한 빨리 상처부위를 흐르는 물로 여러번 씻어내리고서 병원에 가라고 몇번이나 방송했음

광견병 동물에게 상처를 입고서 최대한 빨리 상처부위를 물로…"
48,2022-10-17 00:00:59+00:00,kaliAjiii,"RT @mazin_043uma: 위기탈출 넘버원에서도 광견병에 걸린 동물에게 상처를 입었을 경우에는 최대한 빨리 상처부위를 흐르는 물로 여러번 씻어내리고서 병원에 가라고 몇번이나 방송했음

광견병 동물에게 상처를 입고서 최대한 빨리 상처부위를 물로…"
49,2022-10-16 23:58:29+00:00,Ran_nim_back,"RT @mazin_043uma: 위기탈출 넘버원에서도 광견병에 걸린 동물에게 상처를 입었을 경우에는 최대한 빨리 상처부위를 흐르는 물로 여러번 씻어내리고서 병원에 가라고 몇번이나 방송했음

광견병 동물에게 상처를 입고서 최대한 빨리 상처부위를 물로…"
50,2022-10-16 23:58:07+00:00,bY__star,"RT @mazin_043uma: 위기탈출 넘버원에서도 광견병에 걸린 동물에게 상처를 입었을 경우에는 최대한 빨리 상처부위를 흐르는 물로 여러번 씻어내리고서 병원에 가라고 몇번이나 방송했음

광견병 동물에게 상처를 입고서 최대한 빨리 상처부위를 물로…"
51,2022-10-16 23:56:06+00:00,mev0934,"RT @mazin_043uma: 위기탈출 넘버원에서도 광견병에 걸린 동물에게 상처를 입었을 경우에는 최대한 빨리 상처부위를 흐르는 물로 여러번 씻어내리고서 병원에 가라고 몇번이나 방송했음

광견병 동물에게 상처를 입고서 최대한 빨리 상처부위를 물로…"
52,2022-10-16 23:55:55+00:00,tmu8,"RT @boss_gold_99: 저 정말 여러번 강조하고 싶습니다 국내에서 너구리같은 야생동물을 제외하고 광견병 감염 보고가 올라온게 끊긴 것이 2014년으로 알고 있고, 그래서 저희 아이가 광견병이라는 걸 떠올리기도 어려웠어요 병원측에서도 실내동물…"
53,2022-10-16 23:55:24+00:00,POGIHEARA,"RT @mazin_043uma: 위기탈출 넘버원에서도 광견병에 걸린 동물에게 상처를 입었을 경우에는 최대한 빨리 상처부위를 흐르는 물로 여러번 씻어내리고서 병원에 가라고 몇번이나 방송했음

광견병 동물에게 상처를 입고서 최대한 빨리 상처부위를 물로…"
54,2022-10-16 23:51:43+00:00,junesock,"RT @mazin_043uma: 위기탈출 넘버원에서도 광견병에 걸린 동물에게 상처를 입었을 경우에는 최대한 빨리 상처부위를 흐르는 물로 여러번 씻어내리고서 병원에 가라고 몇번이나 방송했음

광견병 동물에게 상처를 입고서 최대한 빨리 상처부위를 물로…"
55,2022-10-16 23:51:24+00:00,tartokr,"RT @mazin_043uma: 위기탈출 넘버원에서도 광견병에 걸린 동물에게 상처를 입었을 경우에는 최대한 빨리 상처부위를 흐르는 물로 여러번 씻어내리고서 병원에 가라고 몇번이나 방송했음

광견병 동물에게 상처를 입고서 최대한 빨리 상처부위를 물로…"
56,2022-10-16 23:50:52+00:00,AA_karmen_,"RT @mazin_043uma: 위기탈출 넘버원에서도 광견병에 걸린 동물에게 상처를 입었을 경우에는 최대한 빨리 상처부위를 흐르는 물로 여러번 씻어내리고서 병원에 가라고 몇번이나 방송했음

광견병 동물에게 상처를 입고서 최대한 빨리 상처부위를 물로…"
57,2022-10-16 23:48:17+00:00,memento_1997,"RT @mazin_043uma: 위기탈출 넘버원에서도 광견병에 걸린 동물에게 상처를 입었을 경우에는 최대한 빨리 상처부위를 흐르는 물로 여러번 씻어내리고서 병원에 가라고 몇번이나 방송했음

광견병 동물에게 상처를 입고서 최대한 빨리 상처부위를 물로…"
58,2022-10-16 23:42:41+00:00,mix_maru0413,"RT @boss_gold_99: 저 정말 여러번 강조하고 싶습니다 국내에서 너구리같은 야생동물을 제외하고 광견병 감염 보고가 올라온게 끊긴 것이 2014년으로 알고 있고, 그래서 저희 아이가 광견병이라는 걸 떠올리기도 어려웠어요 병원측에서도 실내동물…"
59,2022-10-16 23:41:30+00:00,10DK_SEJIN,"RT @mazin_043uma: 위기탈출 넘버원에서도 광견병에 걸린 동물에게 상처를 입었을 경우에는 최대한 빨리 상처부위를 흐르는 물로 여러번 씻어내리고서 병원에 가라고 몇번이나 방송했음

광견병 동물에게 상처를 입고서 최대한 빨리 상처부위를 물로…"
60,2022-10-16 23:41:25+00:00,cosme_ugo,"RT @mazin_043uma: 위기탈출 넘버원에서도 광견병에 걸린 동물에게 상처를 입었을 경우에는 최대한 빨리 상처부위를 흐르는 물로 여러번 씻어내리고서 병원에 가라고 몇번이나 방송했음

광견병 동물에게 상처를 입고서 최대한 빨리 상처부위를 물로…"
61,2022-10-16 23:37:29+00:00,rangboys,"RT @boss_gold_99: 저 정말 여러번 강조하고 싶습니다 국내에서 너구리같은 야생동물을 제외하고 광견병 감염 보고가 올라온게 끊긴 것이 2014년으로 알고 있고, 그래서 저희 아이가 광견병이라는 걸 떠올리기도 어려웠어요 병원측에서도 실내동물…"
62,2022-10-16 23:32:00+00:00,bella121a,RT @FATE_HAMSTER: 광견병 진짜 무서운게 내가 감염된지도 몰랐다가 가벼운 몸살 기운으로 시작해서 너무 아파서 병원 가면 그때부터는 이미 늦어버려서 손쓸수도 없고.... 결국 죽어서 시체를 매장하면 바이러스가 시체 안에 아직 살아있어서 이…
63,2022-10-16 23:30:59+00:00,TD_Diave,"RT @mazin_043uma: 위기탈출 넘버원에서도 광견병에 걸린 동물에게 상처를 입었을 경우에는 최대한 빨리 상처부위를 흐르는 물로 여러번 씻어내리고서 병원에 가라고 몇번이나 방송했음

광견병 동물에게 상처를 입고서 최대한 빨리 상처부위를 물로…"
64,2022-10-16 23:26:21+00:00,Retita21,"RT @mazin_043uma: 위기탈출 넘버원에서도 광견병에 걸린 동물에게 상처를 입었을 경우에는 최대한 빨리 상처부위를 흐르는 물로 여러번 씻어내리고서 병원에 가라고 몇번이나 방송했음

광견병 동물에게 상처를 입고서 최대한 빨리 상처부위를 물로…"
65,2022-10-16 23:23:34+00:00,HENTY30634559,"RT @boss_gold_99: 저 정말 여러번 강조하고 싶습니다 국내에서 너구리같은 야생동물을 제외하고 광견병 감염 보고가 올라온게 끊긴 것이 2014년으로 알고 있고, 그래서 저희 아이가 광견병이라는 걸 떠올리기도 어려웠어요 병원측에서도 실내동물…"
66,2022-10-16 23:23:21+00:00,blue_bunny_s2,"RT @hobillera: 명동이 처음 데려왔던날
이불에 빨간 오줌이 묻을걸 보고
애기가 피오줌을 싼다고
길바닥에서 뭐 감염됐나보다고
엉엉 울면서 병원에 전화했는데
쌤이 원래 토끼는 소변 색이 붉습니다..
라고 해서 민망해서 전화기에 암말듀 못하고…"
67,2022-10-16 23:20:04+00:00,zmdhqhsrP,"RT @mazin_043uma: 위기탈출 넘버원에서도 광견병에 걸린 동물에게 상처를 입었을 경우에는 최대한 빨리 상처부위를 흐르는 물로 여러번 씻어내리고서 병원에 가라고 몇번이나 방송했음

광견병 동물에게 상처를 입고서 최대한 빨리 상처부위를 물로…"
68,2022-10-16 23:18:41+00:00,tk1677,"RT @mazin_043uma: 위기탈출 넘버원에서도 광견병에 걸린 동물에게 상처를 입었을 경우에는 최대한 빨리 상처부위를 흐르는 물로 여러번 씻어내리고서 병원에 가라고 몇번이나 방송했음

광견병 동물에게 상처를 입고서 최대한 빨리 상처부위를 물로…"
69,2022-10-16 23:17:32+00:00,43skymasaito34,"RT @mazin_043uma: 위기탈출 넘버원에서도 광견병에 걸린 동물에게 상처를 입었을 경우에는 최대한 빨리 상처부위를 흐르는 물로 여러번 씻어내리고서 병원에 가라고 몇번이나 방송했음

광견병 동물에게 상처를 입고서 최대한 빨리 상처부위를 물로…"
70,2022-10-16 23:15:27+00:00,under_deny,"RT @boss_gold_99: 저 정말 여러번 강조하고 싶습니다 국내에서 너구리같은 야생동물을 제외하고 광견병 감염 보고가 올라온게 끊긴 것이 2014년으로 알고 있고, 그래서 저희 아이가 광견병이라는 걸 떠올리기도 어려웠어요 병원측에서도 실내동물…"
71,2022-10-16 23:15:22+00:00,_mwanmwan,"RT @mazin_043uma: 위기탈출 넘버원에서도 광견병에 걸린 동물에게 상처를 입었을 경우에는 최대한 빨리 상처부위를 흐르는 물로 여러번 씻어내리고서 병원에 가라고 몇번이나 방송했음

광견병 동물에게 상처를 입고서 최대한 빨리 상처부위를 물로…"
72,2022-10-16 23:13:34+00:00,junebug4you,"RT @mazin_043uma: 위기탈출 넘버원에서도 광견병에 걸린 동물에게 상처를 입었을 경우에는 최대한 빨리 상처부위를 흐르는 물로 여러번 씻어내리고서 병원에 가라고 몇번이나 방송했음

광견병 동물에게 상처를 입고서 최대한 빨리 상처부위를 물로…"
73,2022-10-16 23:11:31+00:00,hedal311,"RT @mazin_043uma: 위기탈출 넘버원에서도 광견병에 걸린 동물에게 상처를 입었을 경우에는 최대한 빨리 상처부위를 흐르는 물로 여러번 씻어내리고서 병원에 가라고 몇번이나 방송했음

광견병 동물에게 상처를 입고서 최대한 빨리 상처부위를 물로…"
74,2022-10-16 23:11:23+00:00,shino_404_,"RT @mazin_043uma: 위기탈출 넘버원에서도 광견병에 걸린 동물에게 상처를 입었을 경우에는 최대한 빨리 상처부위를 흐르는 물로 여러번 씻어내리고서 병원에 가라고 몇번이나 방송했음

광견병 동물에게 상처를 입고서 최대한 빨리 상처부위를 물로…"
75,2022-10-16 23:11:17+00:00,rakzwk_dori,RT @FATE_HAMSTER: 광견병 진짜 무서운게 내가 감염된지도 몰랐다가 가벼운 몸살 기운으로 시작해서 너무 아파서 병원 가면 그때부터는 이미 늦어버려서 손쓸수도 없고.... 결국 죽어서 시체를 매장하면 바이러스가 시체 안에 아직 살아있어서 이…
76,2022-10-16 23:09:56+00:00,chibisaru00,"RT @mazin_043uma: 위기탈출 넘버원에서도 광견병에 걸린 동물에게 상처를 입었을 경우에는 최대한 빨리 상처부위를 흐르는 물로 여러번 씻어내리고서 병원에 가라고 몇번이나 방송했음

광견병 동물에게 상처를 입고서 최대한 빨리 상처부위를 물로…"
77,2022-10-16 22:56:42+00:00,black_cardamom,"RT @mazin_043uma: 위기탈출 넘버원에서도 광견병에 걸린 동물에게 상처를 입었을 경우에는 최대한 빨리 상처부위를 흐르는 물로 여러번 씻어내리고서 병원에 가라고 몇번이나 방송했음

광견병 동물에게 상처를 입고서 최대한 빨리 상처부위를 물로…"
78,2022-10-16 22:55:27+00:00,aisararun,"RT @mazin_043uma: 위기탈출 넘버원에서도 광견병에 걸린 동물에게 상처를 입었을 경우에는 최대한 빨리 상처부위를 흐르는 물로 여러번 씻어내리고서 병원에 가라고 몇번이나 방송했음

광견병 동물에게 상처를 입고서 최대한 빨리 상처부위를 물로…"
79,2022-10-16 22:53:10+00:00,0205dudu,"RT @mazin_043uma: 위기탈출 넘버원에서도 광견병에 걸린 동물에게 상처를 입었을 경우에는 최대한 빨리 상처부위를 흐르는 물로 여러번 씻어내리고서 병원에 가라고 몇번이나 방송했음

광견병 동물에게 상처를 입고서 최대한 빨리 상처부위를 물로…"
80,2022-10-16 22:49:10+00:00,miyol_G,"RT @mazin_043uma: 위기탈출 넘버원에서도 광견병에 걸린 동물에게 상처를 입었을 경우에는 최대한 빨리 상처부위를 흐르는 물로 여러번 씻어내리고서 병원에 가라고 몇번이나 방송했음

광견병 동물에게 상처를 입고서 최대한 빨리 상처부위를 물로…"
81,2022-10-16 22:43:22+00:00,colom569,"RT @mazin_043uma: 위기탈출 넘버원에서도 광견병에 걸린 동물에게 상처를 입었을 경우에는 최대한 빨리 상처부위를 흐르는 물로 여러번 씻어내리고서 병원에 가라고 몇번이나 방송했음

광견병 동물에게 상처를 입고서 최대한 빨리 상처부위를 물로…"
82,2022-10-16 22:39:00+00:00,K66920020,"RT @mazin_043uma: 위기탈출 넘버원에서도 광견병에 걸린 동물에게 상처를 입었을 경우에는 최대한 빨리 상처부위를 흐르는 물로 여러번 씻어내리고서 병원에 가라고 몇번이나 방송했음

광견병 동물에게 상처를 입고서 최대한 빨리 상처부위를 물로…"
83,2022-10-16 22:38:59+00:00,cyren27,"RT @boss_gold_99: 저 정말 여러번 강조하고 싶습니다 국내에서 너구리같은 야생동물을 제외하고 광견병 감염 보고가 올라온게 끊긴 것이 2014년으로 알고 있고, 그래서 저희 아이가 광견병이라는 걸 떠올리기도 어려웠어요 병원측에서도 실내동물…"
84,2022-10-16 22:36:02+00:00,_haro_yu,"RT @mazin_043uma: 위기탈출 넘버원에서도 광견병에 걸린 동물에게 상처를 입었을 경우에는 최대한 빨리 상처부위를 흐르는 물로 여러번 씻어내리고서 병원에 가라고 몇번이나 방송했음

광견병 동물에게 상처를 입고서 최대한 빨리 상처부위를 물로…"
85,2022-10-16 22:34:40+00:00,nltxt,"RT @mazin_043uma: 위기탈출 넘버원에서도 광견병에 걸린 동물에게 상처를 입었을 경우에는 최대한 빨리 상처부위를 흐르는 물로 여러번 씻어내리고서 병원에 가라고 몇번이나 방송했음

광견병 동물에게 상처를 입고서 최대한 빨리 상처부위를 물로…"
86,2022-10-16 22:31:42+00:00,_Dinin,"RT @mazin_043uma: 위기탈출 넘버원에서도 광견병에 걸린 동물에게 상처를 입었을 경우에는 최대한 빨리 상처부위를 흐르는 물로 여러번 씻어내리고서 병원에 가라고 몇번이나 방송했음

광견병 동물에게 상처를 입고서 최대한 빨리 상처부위를 물로…"
87,2022-10-16 22:29:03+00:00,__Br1771ant,"RT @mazin_043uma: 위기탈출 넘버원에서도 광견병에 걸린 동물에게 상처를 입었을 경우에는 최대한 빨리 상처부위를 흐르는 물로 여러번 씻어내리고서 병원에 가라고 몇번이나 방송했음

광견병 동물에게 상처를 입고서 최대한 빨리 상처부위를 물로…"
88,2022-10-16 22:15:19+00:00,theo_jieon,"RT @mazin_043uma: 위기탈출 넘버원에서도 광견병에 걸린 동물에게 상처를 입었을 경우에는 최대한 빨리 상처부위를 흐르는 물로 여러번 씻어내리고서 병원에 가라고 몇번이나 방송했음

광견병 동물에게 상처를 입고서 최대한 빨리 상처부위를 물로…"
89,2022-10-16 22:10:07+00:00,osbt024689,"RT @mazin_043uma: 위기탈출 넘버원에서도 광견병에 걸린 동물에게 상처를 입었을 경우에는 최대한 빨리 상처부위를 흐르는 물로 여러번 씻어내리고서 병원에 가라고 몇번이나 방송했음

광견병 동물에게 상처를 입고서 최대한 빨리 상처부위를 물로…"
90,2022-10-16 21:39:01+00:00,riodi_9559,"RT @boss_gold_99: 저 정말 여러번 강조하고 싶습니다 국내에서 너구리같은 야생동물을 제외하고 광견병 감염 보고가 올라온게 끊긴 것이 2014년으로 알고 있고, 그래서 저희 아이가 광견병이라는 걸 떠올리기도 어려웠어요 병원측에서도 실내동물…"
91,2022-10-16 21:26:39+00:00,wkdgpwl18,"RT @mazin_043uma: 위기탈출 넘버원에서도 광견병에 걸린 동물에게 상처를 입었을 경우에는 최대한 빨리 상처부위를 흐르는 물로 여러번 씻어내리고서 병원에 가라고 몇번이나 방송했음

광견병 동물에게 상처를 입고서 최대한 빨리 상처부위를 물로…"
92,2022-10-16 21:12:20+00:00,allright_sweet,"RT @boss_gold_99: 저 정말 여러번 강조하고 싶습니다 국내에서 너구리같은 야생동물을 제외하고 광견병 감염 보고가 올라온게 끊긴 것이 2014년으로 알고 있고, 그래서 저희 아이가 광견병이라는 걸 떠올리기도 어려웠어요 병원측에서도 실내동물…"
93,2022-10-16 21:09:22+00:00,jm11422,"RT @mazin_043uma: 위기탈출 넘버원에서도 광견병에 걸린 동물에게 상처를 입었을 경우에는 최대한 빨리 상처부위를 흐르는 물로 여러번 씻어내리고서 병원에 가라고 몇번이나 방송했음

광견병 동물에게 상처를 입고서 최대한 빨리 상처부위를 물로…"
94,2022-10-16 21:05:36+00:00,srn_ksn,"RT @mazin_043uma: 위기탈출 넘버원에서도 광견병에 걸린 동물에게 상처를 입었을 경우에는 최대한 빨리 상처부위를 흐르는 물로 여러번 씻어내리고서 병원에 가라고 몇번이나 방송했음

광견병 동물에게 상처를 입고서 최대한 빨리 상처부위를 물로…"
95,2022-10-16 21:04:19+00:00,Hinup_XIV,"RT @boss_gold_99: 저 정말 여러번 강조하고 싶습니다 국내에서 너구리같은 야생동물을 제외하고 광견병 감염 보고가 올라온게 끊긴 것이 2014년으로 알고 있고, 그래서 저희 아이가 광견병이라는 걸 떠올리기도 어려웠어요 병원측에서도 실내동물…"
96,2022-10-16 20:58:01+00:00,softpaperwings,"RT @mazin_043uma: 위기탈출 넘버원에서도 광견병에 걸린 동물에게 상처를 입었을 경우에는 최대한 빨리 상처부위를 흐르는 물로 여러번 씻어내리고서 병원에 가라고 몇번이나 방송했음

광견병 동물에게 상처를 입고서 최대한 빨리 상처부위를 물로…"
97,2022-10-16 20:42:08+00:00,inbctusr,"RT @boss_gold_99: 저 정말 여러번 강조하고 싶습니다 국내에서 너구리같은 야생동물을 제외하고 광견병 감염 보고가 올라온게 끊긴 것이 2014년으로 알고 있고, 그래서 저희 아이가 광견병이라는 걸 떠올리기도 어려웠어요 병원측에서도 실내동물…"
98,2022-10-16 20:34:48+00:00,Gaji_mara,"RT @mazin_043uma: 위기탈출 넘버원에서도 광견병에 걸린 동물에게 상처를 입었을 경우에는 최대한 빨리 상처부위를 흐르는 물로 여러번 씻어내리고서 병원에 가라고 몇번이나 방송했음

광견병 동물에게 상처를 입고서 최대한 빨리 상처부위를 물로…"
99,2022-10-16 20:13:09+00:00,RedisKim,"RT @mazin_043uma: 위기탈출 넘버원에서도 광견병에 걸린 동물에게 상처를 입었을 경우에는 최대한 빨리 상처부위를 흐르는 물로 여러번 씻어내리고서 병원에 가라고 몇번이나 방송했음

광견병 동물에게 상처를 입고서 최대한 빨리 상처부위를 물로…"
100,2022-10-16 19:56:02+00:00,illusion6919,"RT @mazin_043uma: 위기탈출 넘버원에서도 광견병에 걸린 동물에게 상처를 입었을 경우에는 최대한 빨리 상처부위를 흐르는 물로 여러번 씻어내리고서 병원에 가라고 몇번이나 방송했음

광견병 동물에게 상처를 입고서 최대한 빨리 상처부위를 물로…"
101,2022-10-16 19:53:47+00:00,shalala_sue,"RT @boss_gold_99: 저 정말 여러번 강조하고 싶습니다 국내에서 너구리같은 야생동물을 제외하고 광견병 감염 보고가 올라온게 끊긴 것이 2014년으로 알고 있고, 그래서 저희 아이가 광견병이라는 걸 떠올리기도 어려웠어요 병원측에서도 실내동물…"
102,2022-10-16 19:39:30+00:00,rtuiokl,"RT @mazin_043uma: 위기탈출 넘버원에서도 광견병에 걸린 동물에게 상처를 입었을 경우에는 최대한 빨리 상처부위를 흐르는 물로 여러번 씻어내리고서 병원에 가라고 몇번이나 방송했음

광견병 동물에게 상처를 입고서 최대한 빨리 상처부위를 물로…"
103,2022-10-16 19:05:33+00:00,GPW10146982,"RT @mazin_043uma: 위기탈출 넘버원에서도 광견병에 걸린 동물에게 상처를 입었을 경우에는 최대한 빨리 상처부위를 흐르는 물로 여러번 씻어내리고서 병원에 가라고 몇번이나 방송했음

광견병 동물에게 상처를 입고서 최대한 빨리 상처부위를 물로…"
104,2022-10-16 18:54:53+00:00,L4S2o,"RT @mazin_043uma: 위기탈출 넘버원에서도 광견병에 걸린 동물에게 상처를 입었을 경우에는 최대한 빨리 상처부위를 흐르는 물로 여러번 씻어내리고서 병원에 가라고 몇번이나 방송했음

광견병 동물에게 상처를 입고서 최대한 빨리 상처부위를 물로…"
105,2022-10-16 18:42:40+00:00,gongnooori,"RT @mazin_043uma: 위기탈출 넘버원에서도 광견병에 걸린 동물에게 상처를 입었을 경우에는 최대한 빨리 상처부위를 흐르는 물로 여러번 씻어내리고서 병원에 가라고 몇번이나 방송했음

광견병 동물에게 상처를 입고서 최대한 빨리 상처부위를 물로…"
106,2022-10-16 18:38:11+00:00,midnight_sun404,"RT @mazin_043uma: 위기탈출 넘버원에서도 광견병에 걸린 동물에게 상처를 입었을 경우에는 최대한 빨리 상처부위를 흐르는 물로 여러번 씻어내리고서 병원에 가라고 몇번이나 방송했음

광견병 동물에게 상처를 입고서 최대한 빨리 상처부위를 물로…"
107,2022-10-16 18:35:01+00:00,New_idiott,"RT @mazin_043uma: 위기탈출 넘버원에서도 광견병에 걸린 동물에게 상처를 입었을 경우에는 최대한 빨리 상처부위를 흐르는 물로 여러번 씻어내리고서 병원에 가라고 몇번이나 방송했음

광견병 동물에게 상처를 입고서 최대한 빨리 상처부위를 물로…"
108,2022-10-16 18:28:20+00:00,Tear_Rune,"RT @mazin_043uma: 위기탈출 넘버원에서도 광견병에 걸린 동물에게 상처를 입었을 경우에는 최대한 빨리 상처부위를 흐르는 물로 여러번 씻어내리고서 병원에 가라고 몇번이나 방송했음

광견병 동물에게 상처를 입고서 최대한 빨리 상처부위를 물로…"
109,2022-10-16 18:25:07+00:00,cokakain_0708,"RT @boss_gold_99: 저 정말 여러번 강조하고 싶습니다 국내에서 너구리같은 야생동물을 제외하고 광견병 감염 보고가 올라온게 끊긴 것이 2014년으로 알고 있고, 그래서 저희 아이가 광견병이라는 걸 떠올리기도 어려웠어요 병원측에서도 실내동물…"
110,2022-10-16 18:18:21+00:00,ffxiv_oudong,"RT @mazin_043uma: 위기탈출 넘버원에서도 광견병에 걸린 동물에게 상처를 입었을 경우에는 최대한 빨리 상처부위를 흐르는 물로 여러번 씻어내리고서 병원에 가라고 몇번이나 방송했음

광견병 동물에게 상처를 입고서 최대한 빨리 상처부위를 물로…"
111,2022-10-16 18:13:18+00:00,ahrfus052386,"RT @mazin_043uma: 위기탈출 넘버원에서도 광견병에 걸린 동물에게 상처를 입었을 경우에는 최대한 빨리 상처부위를 흐르는 물로 여러번 씻어내리고서 병원에 가라고 몇번이나 방송했음

광견병 동물에게 상처를 입고서 최대한 빨리 상처부위를 물로…"
112,2022-10-16 18:12:44+00:00,qudrn7928,"RT @mazin_043uma: 위기탈출 넘버원에서도 광견병에 걸린 동물에게 상처를 입었을 경우에는 최대한 빨리 상처부위를 흐르는 물로 여러번 씻어내리고서 병원에 가라고 몇번이나 방송했음

광견병 동물에게 상처를 입고서 최대한 빨리 상처부위를 물로…"
113,2022-10-16 18:04:35+00:00,zzizzol959,"RT @mazin_043uma: 위기탈출 넘버원에서도 광견병에 걸린 동물에게 상처를 입었을 경우에는 최대한 빨리 상처부위를 흐르는 물로 여러번 씻어내리고서 병원에 가라고 몇번이나 방송했음

광견병 동물에게 상처를 입고서 최대한 빨리 상처부위를 물로…"
114,2022-10-16 17:58:16+00:00,no_cuwl_vv,"RT @boss_gold_99: 저 정말 여러번 강조하고 싶습니다 국내에서 너구리같은 야생동물을 제외하고 광견병 감염 보고가 올라온게 끊긴 것이 2014년으로 알고 있고, 그래서 저희 아이가 광견병이라는 걸 떠올리기도 어려웠어요 병원측에서도 실내동물…"
115,2022-10-16 17:51:40+00:00,jjousepop,"RT @mazin_043uma: 위기탈출 넘버원에서도 광견병에 걸린 동물에게 상처를 입었을 경우에는 최대한 빨리 상처부위를 흐르는 물로 여러번 씻어내리고서 병원에 가라고 몇번이나 방송했음

광견병 동물에게 상처를 입고서 최대한 빨리 상처부위를 물로…"
116,2022-10-16 17:49:45+00:00,jewelforest,"RT @mazin_043uma: 위기탈출 넘버원에서도 광견병에 걸린 동물에게 상처를 입었을 경우에는 최대한 빨리 상처부위를 흐르는 물로 여러번 씻어내리고서 병원에 가라고 몇번이나 방송했음

광견병 동물에게 상처를 입고서 최대한 빨리 상처부위를 물로…"
117,2022-10-16 17:39:03+00:00,Mist6_,"RT @mazin_043uma: 위기탈출 넘버원에서도 광견병에 걸린 동물에게 상처를 입었을 경우에는 최대한 빨리 상처부위를 흐르는 물로 여러번 씻어내리고서 병원에 가라고 몇번이나 방송했음

광견병 동물에게 상처를 입고서 최대한 빨리 상처부위를 물로…"
118,2022-10-16 17:38:13+00:00,psycopathchiryo,"RT @mazin_043uma: 위기탈출 넘버원에서도 광견병에 걸린 동물에게 상처를 입었을 경우에는 최대한 빨리 상처부위를 흐르는 물로 여러번 씻어내리고서 병원에 가라고 몇번이나 방송했음

광견병 동물에게 상처를 입고서 최대한 빨리 상처부위를 물로…"
119,2022-10-16 17:34:07+00:00,ssen_ff14,"RT @mazin_043uma: 위기탈출 넘버원에서도 광견병에 걸린 동물에게 상처를 입었을 경우에는 최대한 빨리 상처부위를 흐르는 물로 여러번 씻어내리고서 병원에 가라고 몇번이나 방송했음

광견병 동물에게 상처를 입고서 최대한 빨리 상처부위를 물로…"
120,2022-10-16 17:33:03+00:00,cjfrkd,"RT @mazin_043uma: 위기탈출 넘버원에서도 광견병에 걸린 동물에게 상처를 입었을 경우에는 최대한 빨리 상처부위를 흐르는 물로 여러번 씻어내리고서 병원에 가라고 몇번이나 방송했음

광견병 동물에게 상처를 입고서 최대한 빨리 상처부위를 물로…"
121,2022-10-16 17:21:24+00:00,Ppang_euna,"RT @mazin_043uma: 위기탈출 넘버원에서도 광견병에 걸린 동물에게 상처를 입었을 경우에는 최대한 빨리 상처부위를 흐르는 물로 여러번 씻어내리고서 병원에 가라고 몇번이나 방송했음

광견병 동물에게 상처를 입고서 최대한 빨리 상처부위를 물로…"
122,2022-10-16 17:16:51+00:00,leerang95,"RT @mazin_043uma: 위기탈출 넘버원에서도 광견병에 걸린 동물에게 상처를 입었을 경우에는 최대한 빨리 상처부위를 흐르는 물로 여러번 씻어내리고서 병원에 가라고 몇번이나 방송했음

광견병 동물에게 상처를 입고서 최대한 빨리 상처부위를 물로…"
123,2022-10-16 17:15:05+00:00,Nymph_ff14,"RT @mazin_043uma: 위기탈출 넘버원에서도 광견병에 걸린 동물에게 상처를 입었을 경우에는 최대한 빨리 상처부위를 흐르는 물로 여러번 씻어내리고서 병원에 가라고 몇번이나 방송했음

광견병 동물에게 상처를 입고서 최대한 빨리 상처부위를 물로…"
124,2022-10-16 17:14:35+00:00,Rwa_ff1890,"RT @mazin_043uma: 위기탈출 넘버원에서도 광견병에 걸린 동물에게 상처를 입었을 경우에는 최대한 빨리 상처부위를 흐르는 물로 여러번 씻어내리고서 병원에 가라고 몇번이나 방송했음

광견병 동물에게 상처를 입고서 최대한 빨리 상처부위를 물로…"
125,2022-10-16 17:12:31+00:00,kidari_pap,"RT @mazin_043uma: 위기탈출 넘버원에서도 광견병에 걸린 동물에게 상처를 입었을 경우에는 최대한 빨리 상처부위를 흐르는 물로 여러번 씻어내리고서 병원에 가라고 몇번이나 방송했음

광견병 동물에게 상처를 입고서 최대한 빨리 상처부위를 물로…"
126,2022-10-16 17:11:05+00:00,FFMMMMXIV,"RT @mazin_043uma: 위기탈출 넘버원에서도 광견병에 걸린 동물에게 상처를 입었을 경우에는 최대한 빨리 상처부위를 흐르는 물로 여러번 씻어내리고서 병원에 가라고 몇번이나 방송했음

광견병 동물에게 상처를 입고서 최대한 빨리 상처부위를 물로…"
127,2022-10-16 17:09:57+00:00,peddler_,"RT @mazin_043uma: 위기탈출 넘버원에서도 광견병에 걸린 동물에게 상처를 입었을 경우에는 최대한 빨리 상처부위를 흐르는 물로 여러번 씻어내리고서 병원에 가라고 몇번이나 방송했음

광견병 동물에게 상처를 입고서 최대한 빨리 상처부위를 물로…"
128,2022-10-16 17:07:45+00:00,PureRayDragon,"RT @mazin_043uma: 위기탈출 넘버원에서도 광견병에 걸린 동물에게 상처를 입었을 경우에는 최대한 빨리 상처부위를 흐르는 물로 여러번 씻어내리고서 병원에 가라고 몇번이나 방송했음

광견병 동물에게 상처를 입고서 최대한 빨리 상처부위를 물로…"
129,2022-10-16 17:06:44+00:00,Ilovemyvulcan,"RT @mazin_043uma: 위기탈출 넘버원에서도 광견병에 걸린 동물에게 상처를 입었을 경우에는 최대한 빨리 상처부위를 흐르는 물로 여러번 씻어내리고서 병원에 가라고 몇번이나 방송했음

광견병 동물에게 상처를 입고서 최대한 빨리 상처부위를 물로…"
130,2022-10-16 17:05:50+00:00,__always_gaming,"RT @mazin_043uma: 위기탈출 넘버원에서도 광견병에 걸린 동물에게 상처를 입었을 경우에는 최대한 빨리 상처부위를 흐르는 물로 여러번 씻어내리고서 병원에 가라고 몇번이나 방송했음

광견병 동물에게 상처를 입고서 최대한 빨리 상처부위를 물로…"
131,2022-10-16 16:56:02+00:00,sigol_mm_,"RT @mazin_043uma: 위기탈출 넘버원에서도 광견병에 걸린 동물에게 상처를 입었을 경우에는 최대한 빨리 상처부위를 흐르는 물로 여러번 씻어내리고서 병원에 가라고 몇번이나 방송했음

광견병 동물에게 상처를 입고서 최대한 빨리 상처부위를 물로…"
132,2022-10-16 16:49:33+00:00,hota0422_,"RT @mazin_043uma: 위기탈출 넘버원에서도 광견병에 걸린 동물에게 상처를 입었을 경우에는 최대한 빨리 상처부위를 흐르는 물로 여러번 씻어내리고서 병원에 가라고 몇번이나 방송했음

광견병 동물에게 상처를 입고서 최대한 빨리 상처부위를 물로…"
133,2022-10-16 16:47:47+00:00,heukmayull_FF,"RT @mazin_043uma: 위기탈출 넘버원에서도 광견병에 걸린 동물에게 상처를 입었을 경우에는 최대한 빨리 상처부위를 흐르는 물로 여러번 씻어내리고서 병원에 가라고 몇번이나 방송했음

광견병 동물에게 상처를 입고서 최대한 빨리 상처부위를 물로…"
134,2022-10-16 16:46:38+00:00,H_eetAE,"RT @mazin_043uma: 위기탈출 넘버원에서도 광견병에 걸린 동물에게 상처를 입었을 경우에는 최대한 빨리 상처부위를 흐르는 물로 여러번 씻어내리고서 병원에 가라고 몇번이나 방송했음

광견병 동물에게 상처를 입고서 최대한 빨리 상처부위를 물로…"
135,2022-10-16 16:44:34+00:00,Moca43659161,"RT @mazin_043uma: 위기탈출 넘버원에서도 광견병에 걸린 동물에게 상처를 입었을 경우에는 최대한 빨리 상처부위를 흐르는 물로 여러번 씻어내리고서 병원에 가라고 몇번이나 방송했음

광견병 동물에게 상처를 입고서 최대한 빨리 상처부위를 물로…"
136,2022-10-16 16:42:22+00:00,HP_veryverylow,"RT @mazin_043uma: 위기탈출 넘버원에서도 광견병에 걸린 동물에게 상처를 입었을 경우에는 최대한 빨리 상처부위를 흐르는 물로 여러번 씻어내리고서 병원에 가라고 몇번이나 방송했음

광견병 동물에게 상처를 입고서 최대한 빨리 상처부위를 물로…"
137,2022-10-16 16:40:01+00:00,aLot_ee,"RT @mazin_043uma: 위기탈출 넘버원에서도 광견병에 걸린 동물에게 상처를 입었을 경우에는 최대한 빨리 상처부위를 흐르는 물로 여러번 씻어내리고서 병원에 가라고 몇번이나 방송했음

광견병 동물에게 상처를 입고서 최대한 빨리 상처부위를 물로…"
138,2022-10-16 16:36:16+00:00,soie_pyb1029,"RT @mazin_043uma: 위기탈출 넘버원에서도 광견병에 걸린 동물에게 상처를 입었을 경우에는 최대한 빨리 상처부위를 흐르는 물로 여러번 씻어내리고서 병원에 가라고 몇번이나 방송했음

광견병 동물에게 상처를 입고서 최대한 빨리 상처부위를 물로…"
139,2022-10-16 16:35:58+00:00,HAU_RIIIII,"RT @boss_gold_99: 저 정말 여러번 강조하고 싶습니다 국내에서 너구리같은 야생동물을 제외하고 광견병 감염 보고가 올라온게 끊긴 것이 2014년으로 알고 있고, 그래서 저희 아이가 광견병이라는 걸 떠올리기도 어려웠어요 병원측에서도 실내동물…"
140,2022-10-16 16:35:34+00:00,Blackberry_blom,"RT @mazin_043uma: 위기탈출 넘버원에서도 광견병에 걸린 동물에게 상처를 입었을 경우에는 최대한 빨리 상처부위를 흐르는 물로 여러번 씻어내리고서 병원에 가라고 몇번이나 방송했음

광견병 동물에게 상처를 입고서 최대한 빨리 상처부위를 물로…"
141,2022-10-16 16:33:18+00:00,Luna_5i1ens,"RT @mazin_043uma: 위기탈출 넘버원에서도 광견병에 걸린 동물에게 상처를 입었을 경우에는 최대한 빨리 상처부위를 흐르는 물로 여러번 씻어내리고서 병원에 가라고 몇번이나 방송했음

광견병 동물에게 상처를 입고서 최대한 빨리 상처부위를 물로…"
142,2022-10-16 16:32:42+00:00,blitz_zidan,"RT @mazin_043uma: 위기탈출 넘버원에서도 광견병에 걸린 동물에게 상처를 입었을 경우에는 최대한 빨리 상처부위를 흐르는 물로 여러번 씻어내리고서 병원에 가라고 몇번이나 방송했음

광견병 동물에게 상처를 입고서 최대한 빨리 상처부위를 물로…"
143,2022-10-16 16:29:47+00:00,D14N4_J,"RT @mazin_043uma: 위기탈출 넘버원에서도 광견병에 걸린 동물에게 상처를 입었을 경우에는 최대한 빨리 상처부위를 흐르는 물로 여러번 씻어내리고서 병원에 가라고 몇번이나 방송했음

광견병 동물에게 상처를 입고서 최대한 빨리 상처부위를 물로…"
144,2022-10-16 16:26:35+00:00,pinkyS2cherry,"RT @mazin_043uma: 위기탈출 넘버원에서도 광견병에 걸린 동물에게 상처를 입었을 경우에는 최대한 빨리 상처부위를 흐르는 물로 여러번 씻어내리고서 병원에 가라고 몇번이나 방송했음

광견병 동물에게 상처를 입고서 최대한 빨리 상처부위를 물로…"
145,2022-10-16 16:26:20+00:00,PopofamR,"RT @boss_gold_99: 저 정말 여러번 강조하고 싶습니다 국내에서 너구리같은 야생동물을 제외하고 광견병 감염 보고가 올라온게 끊긴 것이 2014년으로 알고 있고, 그래서 저희 아이가 광견병이라는 걸 떠올리기도 어려웠어요 병원측에서도 실내동물…"
146,2022-10-16 16:24:57+00:00,Sin__D__G,"RT @mazin_043uma: 위기탈출 넘버원에서도 광견병에 걸린 동물에게 상처를 입었을 경우에는 최대한 빨리 상처부위를 흐르는 물로 여러번 씻어내리고서 병원에 가라고 몇번이나 방송했음

광견병 동물에게 상처를 입고서 최대한 빨리 상처부위를 물로…"
147,2022-10-16 16:23:02+00:00,ihave_twoknives,"RT @mazin_043uma: 위기탈출 넘버원에서도 광견병에 걸린 동물에게 상처를 입었을 경우에는 최대한 빨리 상처부위를 흐르는 물로 여러번 씻어내리고서 병원에 가라고 몇번이나 방송했음

광견병 동물에게 상처를 입고서 최대한 빨리 상처부위를 물로…"
148,2022-10-16 16:22:13+00:00,spsp1602,"RT @mazin_043uma: 위기탈출 넘버원에서도 광견병에 걸린 동물에게 상처를 입었을 경우에는 최대한 빨리 상처부위를 흐르는 물로 여러번 씻어내리고서 병원에 가라고 몇번이나 방송했음

광견병 동물에게 상처를 입고서 최대한 빨리 상처부위를 물로…"
149,2022-10-16 16:20:55+00:00,sim_even,"RT @mazin_043uma: 위기탈출 넘버원에서도 광견병에 걸린 동물에게 상처를 입었을 경우에는 최대한 빨리 상처부위를 흐르는 물로 여러번 씻어내리고서 병원에 가라고 몇번이나 방송했음

광견병 동물에게 상처를 입고서 최대한 빨리 상처부위를 물로…"
150,2022-10-16 16:20:44+00:00,9UDoK_dontBplz,"RT @mazin_043uma: 위기탈출 넘버원에서도 광견병에 걸린 동물에게 상처를 입었을 경우에는 최대한 빨리 상처부위를 흐르는 물로 여러번 씻어내리고서 병원에 가라고 몇번이나 방송했음

광견병 동물에게 상처를 입고서 최대한 빨리 상처부위를 물로…"
151,2022-10-16 16:20:40+00:00,nidi_jm,"RT @mazin_043uma: 위기탈출 넘버원에서도 광견병에 걸린 동물에게 상처를 입었을 경우에는 최대한 빨리 상처부위를 흐르는 물로 여러번 씻어내리고서 병원에 가라고 몇번이나 방송했음

광견병 동물에게 상처를 입고서 최대한 빨리 상처부위를 물로…"
152,2022-10-16 16:19:35+00:00,popo_Aura,"RT @mazin_043uma: 위기탈출 넘버원에서도 광견병에 걸린 동물에게 상처를 입었을 경우에는 최대한 빨리 상처부위를 흐르는 물로 여러번 씻어내리고서 병원에 가라고 몇번이나 방송했음

광견병 동물에게 상처를 입고서 최대한 빨리 상처부위를 물로…"
153,2022-10-16 16:19:09+00:00,300th_0,"RT @mazin_043uma: 위기탈출 넘버원에서도 광견병에 걸린 동물에게 상처를 입었을 경우에는 최대한 빨리 상처부위를 흐르는 물로 여러번 씻어내리고서 병원에 가라고 몇번이나 방송했음

광견병 동물에게 상처를 입고서 최대한 빨리 상처부위를 물로…"
154,2022-10-16 16:18:35+00:00,SeoHyang_414,"RT @mazin_043uma: 위기탈출 넘버원에서도 광견병에 걸린 동물에게 상처를 입었을 경우에는 최대한 빨리 상처부위를 흐르는 물로 여러번 씻어내리고서 병원에 가라고 몇번이나 방송했음

광견병 동물에게 상처를 입고서 최대한 빨리 상처부위를 물로…"
155,2022-10-16 16:16:54+00:00,HughmyHugh619,"RT @mazin_043uma: 위기탈출 넘버원에서도 광견병에 걸린 동물에게 상처를 입었을 경우에는 최대한 빨리 상처부위를 흐르는 물로 여러번 씻어내리고서 병원에 가라고 몇번이나 방송했음

광견병 동물에게 상처를 입고서 최대한 빨리 상처부위를 물로…"
156,2022-10-16 16:14:12+00:00,creamnacho14,"RT @mazin_043uma: 위기탈출 넘버원에서도 광견병에 걸린 동물에게 상처를 입었을 경우에는 최대한 빨리 상처부위를 흐르는 물로 여러번 씻어내리고서 병원에 가라고 몇번이나 방송했음

광견병 동물에게 상처를 입고서 최대한 빨리 상처부위를 물로…"
157,2022-10-16 16:13:18+00:00,mh0330,"RT @mazin_043uma: 위기탈출 넘버원에서도 광견병에 걸린 동물에게 상처를 입었을 경우에는 최대한 빨리 상처부위를 흐르는 물로 여러번 씻어내리고서 병원에 가라고 몇번이나 방송했음

광견병 동물에게 상처를 입고서 최대한 빨리 상처부위를 물로…"
158,2022-10-16 16:11:47+00:00,HOGURI325752,"RT @mazin_043uma: 위기탈출 넘버원에서도 광견병에 걸린 동물에게 상처를 입었을 경우에는 최대한 빨리 상처부위를 흐르는 물로 여러번 씻어내리고서 병원에 가라고 몇번이나 방송했음

광견병 동물에게 상처를 입고서 최대한 빨리 상처부위를 물로…"
159,2022-10-16 16:08:11+00:00,wengweeeeeng,"RT @mazin_043uma: 위기탈출 넘버원에서도 광견병에 걸린 동물에게 상처를 입었을 경우에는 최대한 빨리 상처부위를 흐르는 물로 여러번 씻어내리고서 병원에 가라고 몇번이나 방송했음

광견병 동물에게 상처를 입고서 최대한 빨리 상처부위를 물로…"
160,2022-10-16 16:07:57+00:00,nin_wild_ginsen,"RT @mazin_043uma: 위기탈출 넘버원에서도 광견병에 걸린 동물에게 상처를 입었을 경우에는 최대한 빨리 상처부위를 흐르는 물로 여러번 씻어내리고서 병원에 가라고 몇번이나 방송했음

광견병 동물에게 상처를 입고서 최대한 빨리 상처부위를 물로…"
161,2022-10-16 16:07:53+00:00,bttr_n_swt,"RT @boss_gold_99: 저 정말 여러번 강조하고 싶습니다 국내에서 너구리같은 야생동물을 제외하고 광견병 감염 보고가 올라온게 끊긴 것이 2014년으로 알고 있고, 그래서 저희 아이가 광견병이라는 걸 떠올리기도 어려웠어요 병원측에서도 실내동물…"
162,2022-10-16 16:07:49+00:00,engrevua,"RT @mazin_043uma: 위기탈출 넘버원에서도 광견병에 걸린 동물에게 상처를 입었을 경우에는 최대한 빨리 상처부위를 흐르는 물로 여러번 씻어내리고서 병원에 가라고 몇번이나 방송했음

광견병 동물에게 상처를 입고서 최대한 빨리 상처부위를 물로…"
163,2022-10-16 16:06:56+00:00,BKan01,"RT @mazin_043uma: 위기탈출 넘버원에서도 광견병에 걸린 동물에게 상처를 입었을 경우에는 최대한 빨리 상처부위를 흐르는 물로 여러번 씻어내리고서 병원에 가라고 몇번이나 방송했음

광견병 동물에게 상처를 입고서 최대한 빨리 상처부위를 물로…"
164,2022-10-16 16:06:49+00:00,alyssum_FF14,"RT @boss_gold_99: 저 정말 여러번 강조하고 싶습니다 국내에서 너구리같은 야생동물을 제외하고 광견병 감염 보고가 올라온게 끊긴 것이 2014년으로 알고 있고, 그래서 저희 아이가 광견병이라는 걸 떠올리기도 어려웠어요 병원측에서도 실내동물…"
165,2022-10-16 16:06:02+00:00,2_i_sa,"RT @mazin_043uma: 위기탈출 넘버원에서도 광견병에 걸린 동물에게 상처를 입었을 경우에는 최대한 빨리 상처부위를 흐르는 물로 여러번 씻어내리고서 병원에 가라고 몇번이나 방송했음

광견병 동물에게 상처를 입고서 최대한 빨리 상처부위를 물로…"
166,2022-10-16 16:05:49+00:00,Blue_Y_Hoo,"RT @mazin_043uma: 위기탈출 넘버원에서도 광견병에 걸린 동물에게 상처를 입었을 경우에는 최대한 빨리 상처부위를 흐르는 물로 여러번 씻어내리고서 병원에 가라고 몇번이나 방송했음

광견병 동물에게 상처를 입고서 최대한 빨리 상처부위를 물로…"
167,2022-10-16 16:04:14+00:00,siellese,"RT @mazin_043uma: 위기탈출 넘버원에서도 광견병에 걸린 동물에게 상처를 입었을 경우에는 최대한 빨리 상처부위를 흐르는 물로 여러번 씻어내리고서 병원에 가라고 몇번이나 방송했음

광견병 동물에게 상처를 입고서 최대한 빨리 상처부위를 물로…"
168,2022-10-16 16:02:36+00:00,HQ13243546,"RT @mazin_043uma: 위기탈출 넘버원에서도 광견병에 걸린 동물에게 상처를 입었을 경우에는 최대한 빨리 상처부위를 흐르는 물로 여러번 씻어내리고서 병원에 가라고 몇번이나 방송했음

광견병 동물에게 상처를 입고서 최대한 빨리 상처부위를 물로…"
169,2022-10-16 16:01:30+00:00,anaroseel,"RT @mazin_043uma: 위기탈출 넘버원에서도 광견병에 걸린 동물에게 상처를 입었을 경우에는 최대한 빨리 상처부위를 흐르는 물로 여러번 씻어내리고서 병원에 가라고 몇번이나 방송했음

광견병 동물에게 상처를 입고서 최대한 빨리 상처부위를 물로…"
170,2022-10-16 16:01:14+00:00,DigiholiC47,"RT @mazin_043uma: 위기탈출 넘버원에서도 광견병에 걸린 동물에게 상처를 입었을 경우에는 최대한 빨리 상처부위를 흐르는 물로 여러번 씻어내리고서 병원에 가라고 몇번이나 방송했음

광견병 동물에게 상처를 입고서 최대한 빨리 상처부위를 물로…"
171,2022-10-16 16:00:56+00:00,hanw_commu,"RT @mazin_043uma: 위기탈출 넘버원에서도 광견병에 걸린 동물에게 상처를 입었을 경우에는 최대한 빨리 상처부위를 흐르는 물로 여러번 씻어내리고서 병원에 가라고 몇번이나 방송했음

광견병 동물에게 상처를 입고서 최대한 빨리 상처부위를 물로…"
172,2022-10-16 15:59:45+00:00,DigiholiC47,"RT @boss_gold_99: 저 정말 여러번 강조하고 싶습니다 국내에서 너구리같은 야생동물을 제외하고 광견병 감염 보고가 올라온게 끊긴 것이 2014년으로 알고 있고, 그래서 저희 아이가 광견병이라는 걸 떠올리기도 어려웠어요 병원측에서도 실내동물…"
173,2022-10-16 15:58:06+00:00,aurore_quintet,"RT @mazin_043uma: 위기탈출 넘버원에서도 광견병에 걸린 동물에게 상처를 입었을 경우에는 최대한 빨리 상처부위를 흐르는 물로 여러번 씻어내리고서 병원에 가라고 몇번이나 방송했음

광견병 동물에게 상처를 입고서 최대한 빨리 상처부위를 물로…"
174,2022-10-16 15:56:36+00:00,nananss,"RT @boss_gold_99: 저 정말 여러번 강조하고 싶습니다 국내에서 너구리같은 야생동물을 제외하고 광견병 감염 보고가 올라온게 끊긴 것이 2014년으로 알고 있고, 그래서 저희 아이가 광견병이라는 걸 떠올리기도 어려웠어요 병원측에서도 실내동물…"
175,2022-10-16 15:56:11+00:00,se_o31,"RT @mazin_043uma: 위기탈출 넘버원에서도 광견병에 걸린 동물에게 상처를 입었을 경우에는 최대한 빨리 상처부위를 흐르는 물로 여러번 씻어내리고서 병원에 가라고 몇번이나 방송했음

광견병 동물에게 상처를 입고서 최대한 빨리 상처부위를 물로…"
176,2022-10-16 15:54:31+00:00,remagany,"RT @boss_gold_99: 저 정말 여러번 강조하고 싶습니다 국내에서 너구리같은 야생동물을 제외하고 광견병 감염 보고가 올라온게 끊긴 것이 2014년으로 알고 있고, 그래서 저희 아이가 광견병이라는 걸 떠올리기도 어려웠어요 병원측에서도 실내동물…"
177,2022-10-16 15:53:26+00:00,Move_Out__,"RT @mazin_043uma: 위기탈출 넘버원에서도 광견병에 걸린 동물에게 상처를 입었을 경우에는 최대한 빨리 상처부위를 흐르는 물로 여러번 씻어내리고서 병원에 가라고 몇번이나 방송했음

광견병 동물에게 상처를 입고서 최대한 빨리 상처부위를 물로…"
178,2022-10-16 15:53:20+00:00,boss_Kim070709,"RT @mazin_043uma: 위기탈출 넘버원에서도 광견병에 걸린 동물에게 상처를 입었을 경우에는 최대한 빨리 상처부위를 흐르는 물로 여러번 씻어내리고서 병원에 가라고 몇번이나 방송했음

광견병 동물에게 상처를 입고서 최대한 빨리 상처부위를 물로…"
179,2022-10-16 15:53:20+00:00,dump2null,"RT @boss_gold_99: 저 정말 여러번 강조하고 싶습니다 국내에서 너구리같은 야생동물을 제외하고 광견병 감염 보고가 올라온게 끊긴 것이 2014년으로 알고 있고, 그래서 저희 아이가 광견병이라는 걸 떠올리기도 어려웠어요 병원측에서도 실내동물…"
180,2022-10-16 15:53:06+00:00,kq_l0808,"RT @mazin_043uma: 위기탈출 넘버원에서도 광견병에 걸린 동물에게 상처를 입었을 경우에는 최대한 빨리 상처부위를 흐르는 물로 여러번 씻어내리고서 병원에 가라고 몇번이나 방송했음

광견병 동물에게 상처를 입고서 최대한 빨리 상처부위를 물로…"
181,2022-10-16 15:52:30+00:00,Nuami_e,"RT @mazin_043uma: 위기탈출 넘버원에서도 광견병에 걸린 동물에게 상처를 입었을 경우에는 최대한 빨리 상처부위를 흐르는 물로 여러번 씻어내리고서 병원에 가라고 몇번이나 방송했음

광견병 동물에게 상처를 입고서 최대한 빨리 상처부위를 물로…"
182,2022-10-16 15:52:15+00:00,remagany,"RT @mazin_043uma: 위기탈출 넘버원에서도 광견병에 걸린 동물에게 상처를 입었을 경우에는 최대한 빨리 상처부위를 흐르는 물로 여러번 씻어내리고서 병원에 가라고 몇번이나 방송했음

광견병 동물에게 상처를 입고서 최대한 빨리 상처부위를 물로…"
183,2022-10-16 15:51:22+00:00,alti9558,"RT @mazin_043uma: 위기탈출 넘버원에서도 광견병에 걸린 동물에게 상처를 입었을 경우에는 최대한 빨리 상처부위를 흐르는 물로 여러번 씻어내리고서 병원에 가라고 몇번이나 방송했음

광견병 동물에게 상처를 입고서 최대한 빨리 상처부위를 물로…"
184,2022-10-16 15:51:00+00:00,sorana_main,"RT @mazin_043uma: 위기탈출 넘버원에서도 광견병에 걸린 동물에게 상처를 입었을 경우에는 최대한 빨리 상처부위를 흐르는 물로 여러번 씻어내리고서 병원에 가라고 몇번이나 방송했음

광견병 동물에게 상처를 입고서 최대한 빨리 상처부위를 물로…"
185,2022-10-16 15:49:20+00:00,my_love_jooran,"RT @mazin_043uma: 위기탈출 넘버원에서도 광견병에 걸린 동물에게 상처를 입었을 경우에는 최대한 빨리 상처부위를 흐르는 물로 여러번 씻어내리고서 병원에 가라고 몇번이나 방송했음

광견병 동물에게 상처를 입고서 최대한 빨리 상처부위를 물로…"
186,2022-10-16 15:49:01+00:00,TRPG_dreamer,"RT @mazin_043uma: 위기탈출 넘버원에서도 광견병에 걸린 동물에게 상처를 입었을 경우에는 최대한 빨리 상처부위를 흐르는 물로 여러번 씻어내리고서 병원에 가라고 몇번이나 방송했음

광견병 동물에게 상처를 입고서 최대한 빨리 상처부위를 물로…"
187,2022-10-16 15:48:44+00:00,Men_dorong,"RT @mazin_043uma: 위기탈출 넘버원에서도 광견병에 걸린 동물에게 상처를 입었을 경우에는 최대한 빨리 상처부위를 흐르는 물로 여러번 씻어내리고서 병원에 가라고 몇번이나 방송했음

광견병 동물에게 상처를 입고서 최대한 빨리 상처부위를 물로…"
188,2022-10-16 15:48:00+00:00,Silind_leaf,"RT @mazin_043uma: 위기탈출 넘버원에서도 광견병에 걸린 동물에게 상처를 입었을 경우에는 최대한 빨리 상처부위를 흐르는 물로 여러번 씻어내리고서 병원에 가라고 몇번이나 방송했음

광견병 동물에게 상처를 입고서 최대한 빨리 상처부위를 물로…"
189,2022-10-16 15:46:21+00:00,L__J_720,"RT @mazin_043uma: 위기탈출 넘버원에서도 광견병에 걸린 동물에게 상처를 입었을 경우에는 최대한 빨리 상처부위를 흐르는 물로 여러번 씻어내리고서 병원에 가라고 몇번이나 방송했음

광견병 동물에게 상처를 입고서 최대한 빨리 상처부위를 물로…"
190,2022-10-16 15:45:35+00:00,ownerisperfect_,"RT @mazin_043uma: 위기탈출 넘버원에서도 광견병에 걸린 동물에게 상처를 입었을 경우에는 최대한 빨리 상처부위를 흐르는 물로 여러번 씻어내리고서 병원에 가라고 몇번이나 방송했음

광견병 동물에게 상처를 입고서 최대한 빨리 상처부위를 물로…"
191,2022-10-16 15:45:29+00:00,danggo_ninza,"RT @mazin_043uma: 위기탈출 넘버원에서도 광견병에 걸린 동물에게 상처를 입었을 경우에는 최대한 빨리 상처부위를 흐르는 물로 여러번 씻어내리고서 병원에 가라고 몇번이나 방송했음

광견병 동물에게 상처를 입고서 최대한 빨리 상처부위를 물로…"
192,2022-10-16 15:45:10+00:00,chzhzmflafhf,"RT @boss_gold_99: 저 정말 여러번 강조하고 싶습니다 국내에서 너구리같은 야생동물을 제외하고 광견병 감염 보고가 올라온게 끊긴 것이 2014년으로 알고 있고, 그래서 저희 아이가 광견병이라는 걸 떠올리기도 어려웠어요 병원측에서도 실내동물…"
193,2022-10-16 15:45:01+00:00,yeka_0425,"RT @mazin_043uma: 위기탈출 넘버원에서도 광견병에 걸린 동물에게 상처를 입었을 경우에는 최대한 빨리 상처부위를 흐르는 물로 여러번 씻어내리고서 병원에 가라고 몇번이나 방송했음

광견병 동물에게 상처를 입고서 최대한 빨리 상처부위를 물로…"
194,2022-10-16 15:44:48+00:00,i243015,"RT @boss_gold_99: 저 정말 여러번 강조하고 싶습니다 국내에서 너구리같은 야생동물을 제외하고 광견병 감염 보고가 올라온게 끊긴 것이 2014년으로 알고 있고, 그래서 저희 아이가 광견병이라는 걸 떠올리기도 어려웠어요 병원측에서도 실내동물…"
195,2022-10-16 15:44:25+00:00,1m10cm1,"RT @mazin_043uma: 위기탈출 넘버원에서도 광견병에 걸린 동물에게 상처를 입었을 경우에는 최대한 빨리 상처부위를 흐르는 물로 여러번 씻어내리고서 병원에 가라고 몇번이나 방송했음

광견병 동물에게 상처를 입고서 최대한 빨리 상처부위를 물로…"
196,2022-10-16 15:44:23+00:00,0x100blank,"RT @mazin_043uma: 위기탈출 넘버원에서도 광견병에 걸린 동물에게 상처를 입었을 경우에는 최대한 빨리 상처부위를 흐르는 물로 여러번 씻어내리고서 병원에 가라고 몇번이나 방송했음

광견병 동물에게 상처를 입고서 최대한 빨리 상처부위를 물로…"
197,2022-10-16 15:44:06+00:00,Hae_cheol,"RT @mazin_043uma: 위기탈출 넘버원에서도 광견병에 걸린 동물에게 상처를 입었을 경우에는 최대한 빨리 상처부위를 흐르는 물로 여러번 씻어내리고서 병원에 가라고 몇번이나 방송했음

광견병 동물에게 상처를 입고서 최대한 빨리 상처부위를 물로…"
198,2022-10-16 15:44:01+00:00,FA_qps,"RT @mazin_043uma: 위기탈출 넘버원에서도 광견병에 걸린 동물에게 상처를 입었을 경우에는 최대한 빨리 상처부위를 흐르는 물로 여러번 씻어내리고서 병원에 가라고 몇번이나 방송했음

광견병 동물에게 상처를 입고서 최대한 빨리 상처부위를 물로…"
199,2022-10-16 15:43:19+00:00,Q_O819,"RT @mazin_043uma: 위기탈출 넘버원에서도 광견병에 걸린 동물에게 상처를 입었을 경우에는 최대한 빨리 상처부위를 흐르는 물로 여러번 씻어내리고서 병원에 가라고 몇번이나 방송했음

광견병 동물에게 상처를 입고서 최대한 빨리 상처부위를 물로…"
200,2022-10-16 15:42:49+00:00,vvbvid,"RT @boss_gold_99: 저 정말 여러번 강조하고 싶습니다 국내에서 너구리같은 야생동물을 제외하고 광견병 감염 보고가 올라온게 끊긴 것이 2014년으로 알고 있고, 그래서 저희 아이가 광견병이라는 걸 떠올리기도 어려웠어요 병원측에서도 실내동물…"
201,2022-10-16 15:39:14+00:00,Gb0915Gefw,"RT @mazin_043uma: 위기탈출 넘버원에서도 광견병에 걸린 동물에게 상처를 입었을 경우에는 최대한 빨리 상처부위를 흐르는 물로 여러번 씻어내리고서 병원에 가라고 몇번이나 방송했음

광견병 동물에게 상처를 입고서 최대한 빨리 상처부위를 물로…"
202,2022-10-16 15:37:31+00:00,iiiiiite1,"RT @mazin_043uma: 위기탈출 넘버원에서도 광견병에 걸린 동물에게 상처를 입었을 경우에는 최대한 빨리 상처부위를 흐르는 물로 여러번 씻어내리고서 병원에 가라고 몇번이나 방송했음

광견병 동물에게 상처를 입고서 최대한 빨리 상처부위를 물로…"
203,2022-10-16 15:37:11+00:00,2eulb_,"RT @mazin_043uma: 위기탈출 넘버원에서도 광견병에 걸린 동물에게 상처를 입었을 경우에는 최대한 빨리 상처부위를 흐르는 물로 여러번 씻어내리고서 병원에 가라고 몇번이나 방송했음

광견병 동물에게 상처를 입고서 최대한 빨리 상처부위를 물로…"
204,2022-10-16 15:36:36+00:00,kgy3451,"RT @mazin_043uma: 위기탈출 넘버원에서도 광견병에 걸린 동물에게 상처를 입었을 경우에는 최대한 빨리 상처부위를 흐르는 물로 여러번 씻어내리고서 병원에 가라고 몇번이나 방송했음

광견병 동물에게 상처를 입고서 최대한 빨리 상처부위를 물로…"
205,2022-10-16 15:35:49+00:00,myS_00draw,"RT @mazin_043uma: 위기탈출 넘버원에서도 광견병에 걸린 동물에게 상처를 입었을 경우에는 최대한 빨리 상처부위를 흐르는 물로 여러번 씻어내리고서 병원에 가라고 몇번이나 방송했음

광견병 동물에게 상처를 입고서 최대한 빨리 상처부위를 물로…"
206,2022-10-16 15:35:24+00:00,rkin_game,"RT @mazin_043uma: 위기탈출 넘버원에서도 광견병에 걸린 동물에게 상처를 입었을 경우에는 최대한 빨리 상처부위를 흐르는 물로 여러번 씻어내리고서 병원에 가라고 몇번이나 방송했음

광견병 동물에게 상처를 입고서 최대한 빨리 상처부위를 물로…"
207,2022-10-16 15:34:33+00:00,BSN817,"RT @mazin_043uma: 위기탈출 넘버원에서도 광견병에 걸린 동물에게 상처를 입었을 경우에는 최대한 빨리 상처부위를 흐르는 물로 여러번 씻어내리고서 병원에 가라고 몇번이나 방송했음

광견병 동물에게 상처를 입고서 최대한 빨리 상처부위를 물로…"
208,2022-10-16 15:33:23+00:00,i243015,"RT @mazin_043uma: 위기탈출 넘버원에서도 광견병에 걸린 동물에게 상처를 입었을 경우에는 최대한 빨리 상처부위를 흐르는 물로 여러번 씻어내리고서 병원에 가라고 몇번이나 방송했음

광견병 동물에게 상처를 입고서 최대한 빨리 상처부위를 물로…"
209,2022-10-16 15:33:05+00:00,irony0524,"RT @mazin_043uma: 위기탈출 넘버원에서도 광견병에 걸린 동물에게 상처를 입었을 경우에는 최대한 빨리 상처부위를 흐르는 물로 여러번 씻어내리고서 병원에 가라고 몇번이나 방송했음

광견병 동물에게 상처를 입고서 최대한 빨리 상처부위를 물로…"
210,2022-10-16 15:32:59+00:00,Silentium_E,"RT @mazin_043uma: 위기탈출 넘버원에서도 광견병에 걸린 동물에게 상처를 입었을 경우에는 최대한 빨리 상처부위를 흐르는 물로 여러번 씻어내리고서 병원에 가라고 몇번이나 방송했음

광견병 동물에게 상처를 입고서 최대한 빨리 상처부위를 물로…"
211,2022-10-16 15:32:27+00:00,anybody1nthere,"RT @mazin_043uma: 위기탈출 넘버원에서도 광견병에 걸린 동물에게 상처를 입었을 경우에는 최대한 빨리 상처부위를 흐르는 물로 여러번 씻어내리고서 병원에 가라고 몇번이나 방송했음

광견병 동물에게 상처를 입고서 최대한 빨리 상처부위를 물로…"
212,2022-10-16 15:32:00+00:00,bluemoonlit_K,"RT @mazin_043uma: 위기탈출 넘버원에서도 광견병에 걸린 동물에게 상처를 입었을 경우에는 최대한 빨리 상처부위를 흐르는 물로 여러번 씻어내리고서 병원에 가라고 몇번이나 방송했음

광견병 동물에게 상처를 입고서 최대한 빨리 상처부위를 물로…"
213,2022-10-16 15:30:36+00:00,hongsi0926,RT @FATE_HAMSTER: 광견병 진짜 무서운게 내가 감염된지도 몰랐다가 가벼운 몸살 기운으로 시작해서 너무 아파서 병원 가면 그때부터는 이미 늦어버려서 손쓸수도 없고.... 결국 죽어서 시체를 매장하면 바이러스가 시체 안에 아직 살아있어서 이…
214,2022-10-16 15:30:24+00:00,loversd2love,"RT @mazin_043uma: 위기탈출 넘버원에서도 광견병에 걸린 동물에게 상처를 입었을 경우에는 최대한 빨리 상처부위를 흐르는 물로 여러번 씻어내리고서 병원에 가라고 몇번이나 방송했음

광견병 동물에게 상처를 입고서 최대한 빨리 상처부위를 물로…"
215,2022-10-16 15:29:59+00:00,v_itamin_C,"RT @mazin_043uma: 위기탈출 넘버원에서도 광견병에 걸린 동물에게 상처를 입었을 경우에는 최대한 빨리 상처부위를 흐르는 물로 여러번 씻어내리고서 병원에 가라고 몇번이나 방송했음

광견병 동물에게 상처를 입고서 최대한 빨리 상처부위를 물로…"
216,2022-10-16 15:27:46+00:00,LemonaTea15,"RT @mazin_043uma: 위기탈출 넘버원에서도 광견병에 걸린 동물에게 상처를 입었을 경우에는 최대한 빨리 상처부위를 흐르는 물로 여러번 씻어내리고서 병원에 가라고 몇번이나 방송했음

광견병 동물에게 상처를 입고서 최대한 빨리 상처부위를 물로…"
217,2022-10-16 15:27:29+00:00,startrek_reng,"RT @mazin_043uma: 위기탈출 넘버원에서도 광견병에 걸린 동물에게 상처를 입었을 경우에는 최대한 빨리 상처부위를 흐르는 물로 여러번 씻어내리고서 병원에 가라고 몇번이나 방송했음

광견병 동물에게 상처를 입고서 최대한 빨리 상처부위를 물로…"
218,2022-10-16 15:25:22+00:00,Jaban_O_0,"RT @mazin_043uma: 위기탈출 넘버원에서도 광견병에 걸린 동물에게 상처를 입었을 경우에는 최대한 빨리 상처부위를 흐르는 물로 여러번 씻어내리고서 병원에 가라고 몇번이나 방송했음

광견병 동물에게 상처를 입고서 최대한 빨리 상처부위를 물로…"
219,2022-10-16 15:23:42+00:00,yumyum_ggang,"RT @mazin_043uma: 위기탈출 넘버원에서도 광견병에 걸린 동물에게 상처를 입었을 경우에는 최대한 빨리 상처부위를 흐르는 물로 여러번 씻어내리고서 병원에 가라고 몇번이나 방송했음

광견병 동물에게 상처를 입고서 최대한 빨리 상처부위를 물로…"
220,2022-10-16 15:22:53+00:00,jym7847,"RT @mazin_043uma: 위기탈출 넘버원에서도 광견병에 걸린 동물에게 상처를 입었을 경우에는 최대한 빨리 상처부위를 흐르는 물로 여러번 씻어내리고서 병원에 가라고 몇번이나 방송했음

광견병 동물에게 상처를 입고서 최대한 빨리 상처부위를 물로…"
221,2022-10-16 15:22:44+00:00,saadelmelik,"RT @mazin_043uma: 위기탈출 넘버원에서도 광견병에 걸린 동물에게 상처를 입었을 경우에는 최대한 빨리 상처부위를 흐르는 물로 여러번 씻어내리고서 병원에 가라고 몇번이나 방송했음

광견병 동물에게 상처를 입고서 최대한 빨리 상처부위를 물로…"
222,2022-10-16 15:18:38+00:00,Anthozoa_bleach,"RT @mazin_043uma: 위기탈출 넘버원에서도 광견병에 걸린 동물에게 상처를 입었을 경우에는 최대한 빨리 상처부위를 흐르는 물로 여러번 씻어내리고서 병원에 가라고 몇번이나 방송했음

광견병 동물에게 상처를 입고서 최대한 빨리 상처부위를 물로…"
223,2022-10-16 15:18:20+00:00,Scavenger_C,"RT @mazin_043uma: 위기탈출 넘버원에서도 광견병에 걸린 동물에게 상처를 입었을 경우에는 최대한 빨리 상처부위를 흐르는 물로 여러번 씻어내리고서 병원에 가라고 몇번이나 방송했음

광견병 동물에게 상처를 입고서 최대한 빨리 상처부위를 물로…"
224,2022-10-16 15:17:11+00:00,S4S4_J,"RT @mazin_043uma: 위기탈출 넘버원에서도 광견병에 걸린 동물에게 상처를 입었을 경우에는 최대한 빨리 상처부위를 흐르는 물로 여러번 씻어내리고서 병원에 가라고 몇번이나 방송했음

광견병 동물에게 상처를 입고서 최대한 빨리 상처부위를 물로…"
225,2022-10-16 15:11:34+00:00,kiltaemilove,"RT @mazin_043uma: 위기탈출 넘버원에서도 광견병에 걸린 동물에게 상처를 입었을 경우에는 최대한 빨리 상처부위를 흐르는 물로 여러번 씻어내리고서 병원에 가라고 몇번이나 방송했음

광견병 동물에게 상처를 입고서 최대한 빨리 상처부위를 물로…"
226,2022-10-16 15:10:43+00:00,gksquf1220,"RT @mazin_043uma: 위기탈출 넘버원에서도 광견병에 걸린 동물에게 상처를 입었을 경우에는 최대한 빨리 상처부위를 흐르는 물로 여러번 씻어내리고서 병원에 가라고 몇번이나 방송했음

광견병 동물에게 상처를 입고서 최대한 빨리 상처부위를 물로…"
227,2022-10-16 15:10:17+00:00,alpaca_168,"RT @mazin_043uma: 위기탈출 넘버원에서도 광견병에 걸린 동물에게 상처를 입었을 경우에는 최대한 빨리 상처부위를 흐르는 물로 여러번 씻어내리고서 병원에 가라고 몇번이나 방송했음

광견병 동물에게 상처를 입고서 최대한 빨리 상처부위를 물로…"
228,2022-10-16 15:08:45+00:00,earlofmassive,"RT @mazin_043uma: 위기탈출 넘버원에서도 광견병에 걸린 동물에게 상처를 입었을 경우에는 최대한 빨리 상처부위를 흐르는 물로 여러번 씻어내리고서 병원에 가라고 몇번이나 방송했음

광견병 동물에게 상처를 입고서 최대한 빨리 상처부위를 물로…"
229,2022-10-16 15:07:47+00:00,nodaji19,"RT @mazin_043uma: 위기탈출 넘버원에서도 광견병에 걸린 동물에게 상처를 입었을 경우에는 최대한 빨리 상처부위를 흐르는 물로 여러번 씻어내리고서 병원에 가라고 몇번이나 방송했음

광견병 동물에게 상처를 입고서 최대한 빨리 상처부위를 물로…"
230,2022-10-16 15:05:05+00:00,Bluemoonway_,"RT @mazin_043uma: 위기탈출 넘버원에서도 광견병에 걸린 동물에게 상처를 입었을 경우에는 최대한 빨리 상처부위를 흐르는 물로 여러번 씻어내리고서 병원에 가라고 몇번이나 방송했음

광견병 동물에게 상처를 입고서 최대한 빨리 상처부위를 물로…"
231,2022-10-16 15:04:41+00:00,hanew_dtg,"RT @mazin_043uma: 위기탈출 넘버원에서도 광견병에 걸린 동물에게 상처를 입었을 경우에는 최대한 빨리 상처부위를 흐르는 물로 여러번 씻어내리고서 병원에 가라고 몇번이나 방송했음

광견병 동물에게 상처를 입고서 최대한 빨리 상처부위를 물로…"
232,2022-10-16 15:03:35+00:00,koh_4z,"RT @mazin_043uma: 위기탈출 넘버원에서도 광견병에 걸린 동물에게 상처를 입었을 경우에는 최대한 빨리 상처부위를 흐르는 물로 여러번 씻어내리고서 병원에 가라고 몇번이나 방송했음

광견병 동물에게 상처를 입고서 최대한 빨리 상처부위를 물로…"
233,2022-10-16 15:03:18+00:00,song_826,"RT @mazin_043uma: 위기탈출 넘버원에서도 광견병에 걸린 동물에게 상처를 입었을 경우에는 최대한 빨리 상처부위를 흐르는 물로 여러번 씻어내리고서 병원에 가라고 몇번이나 방송했음

광견병 동물에게 상처를 입고서 최대한 빨리 상처부위를 물로…"
234,2022-10-16 15:02:37+00:00,MochaLatte_p,"RT @mazin_043uma: 위기탈출 넘버원에서도 광견병에 걸린 동물에게 상처를 입었을 경우에는 최대한 빨리 상처부위를 흐르는 물로 여러번 씻어내리고서 병원에 가라고 몇번이나 방송했음

광견병 동물에게 상처를 입고서 최대한 빨리 상처부위를 물로…"
235,2022-10-16 15:00:32+00:00,want_to_gohouse,"RT @mazin_043uma: 위기탈출 넘버원에서도 광견병에 걸린 동물에게 상처를 입었을 경우에는 최대한 빨리 상처부위를 흐르는 물로 여러번 씻어내리고서 병원에 가라고 몇번이나 방송했음

광견병 동물에게 상처를 입고서 최대한 빨리 상처부위를 물로…"
236,2022-10-16 15:00:12+00:00,blueorz1,"RT @mazin_043uma: 위기탈출 넘버원에서도 광견병에 걸린 동물에게 상처를 입었을 경우에는 최대한 빨리 상처부위를 흐르는 물로 여러번 씻어내리고서 병원에 가라고 몇번이나 방송했음

광견병 동물에게 상처를 입고서 최대한 빨리 상처부위를 물로…"
237,2022-10-16 14:59:39+00:00,x2hand,"RT @mazin_043uma: 위기탈출 넘버원에서도 광견병에 걸린 동물에게 상처를 입었을 경우에는 최대한 빨리 상처부위를 흐르는 물로 여러번 씻어내리고서 병원에 가라고 몇번이나 방송했음

광견병 동물에게 상처를 입고서 최대한 빨리 상처부위를 물로…"
238,2022-10-16 14:59:04+00:00,Ms4mNe,"RT @mazin_043uma: 위기탈출 넘버원에서도 광견병에 걸린 동물에게 상처를 입었을 경우에는 최대한 빨리 상처부위를 흐르는 물로 여러번 씻어내리고서 병원에 가라고 몇번이나 방송했음

광견병 동물에게 상처를 입고서 최대한 빨리 상처부위를 물로…"
239,2022-10-16 14:56:34+00:00,Matti_Le,"RT @boss_gold_99: 저 정말 여러번 강조하고 싶습니다 국내에서 너구리같은 야생동물을 제외하고 광견병 감염 보고가 올라온게 끊긴 것이 2014년으로 알고 있고, 그래서 저희 아이가 광견병이라는 걸 떠올리기도 어려웠어요 병원측에서도 실내동물…"
240,2022-10-16 14:54:16+00:00,catnap_p,"RT @mazin_043uma: 위기탈출 넘버원에서도 광견병에 걸린 동물에게 상처를 입었을 경우에는 최대한 빨리 상처부위를 흐르는 물로 여러번 씻어내리고서 병원에 가라고 몇번이나 방송했음

광견병 동물에게 상처를 입고서 최대한 빨리 상처부위를 물로…"
241,2022-10-16 14:53:06+00:00,gkghtl,"RT @mazin_043uma: 위기탈출 넘버원에서도 광견병에 걸린 동물에게 상처를 입었을 경우에는 최대한 빨리 상처부위를 흐르는 물로 여러번 씻어내리고서 병원에 가라고 몇번이나 방송했음

광견병 동물에게 상처를 입고서 최대한 빨리 상처부위를 물로…"
242,2022-10-16 14:52:50+00:00,ding_bbyak,"RT @mazin_043uma: 위기탈출 넘버원에서도 광견병에 걸린 동물에게 상처를 입었을 경우에는 최대한 빨리 상처부위를 흐르는 물로 여러번 씻어내리고서 병원에 가라고 몇번이나 방송했음

광견병 동물에게 상처를 입고서 최대한 빨리 상처부위를 물로…"
243,2022-10-16 14:52:08+00:00,sando0217,"RT @boss_gold_99: 저 정말 여러번 강조하고 싶습니다 국내에서 너구리같은 야생동물을 제외하고 광견병 감염 보고가 올라온게 끊긴 것이 2014년으로 알고 있고, 그래서 저희 아이가 광견병이라는 걸 떠올리기도 어려웠어요 병원측에서도 실내동물…"
244,2022-10-16 14:51:40+00:00,Dear_HRU,"RT @mazin_043uma: 위기탈출 넘버원에서도 광견병에 걸린 동물에게 상처를 입었을 경우에는 최대한 빨리 상처부위를 흐르는 물로 여러번 씻어내리고서 병원에 가라고 몇번이나 방송했음

광견병 동물에게 상처를 입고서 최대한 빨리 상처부위를 물로…"
245,2022-10-16 14:48:26+00:00,cibam020,"RT @mazin_043uma: 위기탈출 넘버원에서도 광견병에 걸린 동물에게 상처를 입었을 경우에는 최대한 빨리 상처부위를 흐르는 물로 여러번 씻어내리고서 병원에 가라고 몇번이나 방송했음

광견병 동물에게 상처를 입고서 최대한 빨리 상처부위를 물로…"
246,2022-10-16 14:45:04+00:00,2sinnn_,"RT @mazin_043uma: 위기탈출 넘버원에서도 광견병에 걸린 동물에게 상처를 입었을 경우에는 최대한 빨리 상처부위를 흐르는 물로 여러번 씻어내리고서 병원에 가라고 몇번이나 방송했음

광견병 동물에게 상처를 입고서 최대한 빨리 상처부위를 물로…"
247,2022-10-16 14:44:38+00:00,event_caro,"RT @mazin_043uma: 위기탈출 넘버원에서도 광견병에 걸린 동물에게 상처를 입었을 경우에는 최대한 빨리 상처부위를 흐르는 물로 여러번 씻어내리고서 병원에 가라고 몇번이나 방송했음

광견병 동물에게 상처를 입고서 최대한 빨리 상처부위를 물로…"
248,2022-10-16 14:41:12+00:00,kimluon_1213,"RT @boss_gold_99: 저 정말 여러번 강조하고 싶습니다 국내에서 너구리같은 야생동물을 제외하고 광견병 감염 보고가 올라온게 끊긴 것이 2014년으로 알고 있고, 그래서 저희 아이가 광견병이라는 걸 떠올리기도 어려웠어요 병원측에서도 실내동물…"
249,2022-10-16 14:39:54+00:00,gnslazjabrP,"RT @boss_gold_99: 저 정말 여러번 강조하고 싶습니다 국내에서 너구리같은 야생동물을 제외하고 광견병 감염 보고가 올라온게 끊긴 것이 2014년으로 알고 있고, 그래서 저희 아이가 광견병이라는 걸 떠올리기도 어려웠어요 병원측에서도 실내동물…"
250,2022-10-16 14:39:52+00:00,_heat_shimmer,"RT @mazin_043uma: 위기탈출 넘버원에서도 광견병에 걸린 동물에게 상처를 입었을 경우에는 최대한 빨리 상처부위를 흐르는 물로 여러번 씻어내리고서 병원에 가라고 몇번이나 방송했음

광견병 동물에게 상처를 입고서 최대한 빨리 상처부위를 물로…"
251,2022-10-16 14:39:41+00:00,putsipim,"RT @boss_gold_99: 저 정말 여러번 강조하고 싶습니다 국내에서 너구리같은 야생동물을 제외하고 광견병 감염 보고가 올라온게 끊긴 것이 2014년으로 알고 있고, 그래서 저희 아이가 광견병이라는 걸 떠올리기도 어려웠어요 병원측에서도 실내동물…"
252,2022-10-16 14:38:55+00:00,dragon_4edition,"RT @mazin_043uma: 위기탈출 넘버원에서도 광견병에 걸린 동물에게 상처를 입었을 경우에는 최대한 빨리 상처부위를 흐르는 물로 여러번 씻어내리고서 병원에 가라고 몇번이나 방송했음

광견병 동물에게 상처를 입고서 최대한 빨리 상처부위를 물로…"
253,2022-10-16 14:38:55+00:00,eundong1509,"RT @mazin_043uma: 위기탈출 넘버원에서도 광견병에 걸린 동물에게 상처를 입었을 경우에는 최대한 빨리 상처부위를 흐르는 물로 여러번 씻어내리고서 병원에 가라고 몇번이나 방송했음

광견병 동물에게 상처를 입고서 최대한 빨리 상처부위를 물로…"
254,2022-10-16 14:38:42+00:00,Luv_end_Piece,"RT @mazin_043uma: 위기탈출 넘버원에서도 광견병에 걸린 동물에게 상처를 입었을 경우에는 최대한 빨리 상처부위를 흐르는 물로 여러번 씻어내리고서 병원에 가라고 몇번이나 방송했음

광견병 동물에게 상처를 입고서 최대한 빨리 상처부위를 물로…"
255,2022-10-16 14:36:37+00:00,imjohnconasshol,"RT @mazin_043uma: 위기탈출 넘버원에서도 광견병에 걸린 동물에게 상처를 입었을 경우에는 최대한 빨리 상처부위를 흐르는 물로 여러번 씻어내리고서 병원에 가라고 몇번이나 방송했음

광견병 동물에게 상처를 입고서 최대한 빨리 상처부위를 물로…"
256,2022-10-16 14:35:27+00:00,KouxRoa87,"RT @mazin_043uma: 위기탈출 넘버원에서도 광견병에 걸린 동물에게 상처를 입었을 경우에는 최대한 빨리 상처부위를 흐르는 물로 여러번 씻어내리고서 병원에 가라고 몇번이나 방송했음

광견병 동물에게 상처를 입고서 최대한 빨리 상처부위를 물로…"
257,2022-10-16 14:35:06+00:00,F_Ban_,"RT @mazin_043uma: 위기탈출 넘버원에서도 광견병에 걸린 동물에게 상처를 입었을 경우에는 최대한 빨리 상처부위를 흐르는 물로 여러번 씻어내리고서 병원에 가라고 몇번이나 방송했음

광견병 동물에게 상처를 입고서 최대한 빨리 상처부위를 물로…"
258,2022-10-16 14:34:21+00:00,gilha1,"RT @mazin_043uma: 위기탈출 넘버원에서도 광견병에 걸린 동물에게 상처를 입었을 경우에는 최대한 빨리 상처부위를 흐르는 물로 여러번 씻어내리고서 병원에 가라고 몇번이나 방송했음

광견병 동물에게 상처를 입고서 최대한 빨리 상처부위를 물로…"
259,2022-10-16 14:31:24+00:00,2root2root,"RT @mazin_043uma: 위기탈출 넘버원에서도 광견병에 걸린 동물에게 상처를 입었을 경우에는 최대한 빨리 상처부위를 흐르는 물로 여러번 씻어내리고서 병원에 가라고 몇번이나 방송했음

광견병 동물에게 상처를 입고서 최대한 빨리 상처부위를 물로…"
260,2022-10-16 14:29:40+00:00,abiindiu,"RT @mazin_043uma: 위기탈출 넘버원에서도 광견병에 걸린 동물에게 상처를 입었을 경우에는 최대한 빨리 상처부위를 흐르는 물로 여러번 씻어내리고서 병원에 가라고 몇번이나 방송했음

광견병 동물에게 상처를 입고서 최대한 빨리 상처부위를 물로…"
261,2022-10-16 14:29:07+00:00,Rororo422,"RT @mazin_043uma: 위기탈출 넘버원에서도 광견병에 걸린 동물에게 상처를 입었을 경우에는 최대한 빨리 상처부위를 흐르는 물로 여러번 씻어내리고서 병원에 가라고 몇번이나 방송했음

광견병 동물에게 상처를 입고서 최대한 빨리 상처부위를 물로…"
262,2022-10-16 14:28:56+00:00,salt_sand_,"RT @mazin_043uma: 위기탈출 넘버원에서도 광견병에 걸린 동물에게 상처를 입었을 경우에는 최대한 빨리 상처부위를 흐르는 물로 여러번 씻어내리고서 병원에 가라고 몇번이나 방송했음

광견병 동물에게 상처를 입고서 최대한 빨리 상처부위를 물로…"
263,2022-10-16 14:28:06+00:00,JJU_BACK,"RT @mazin_043uma: 위기탈출 넘버원에서도 광견병에 걸린 동물에게 상처를 입었을 경우에는 최대한 빨리 상처부위를 흐르는 물로 여러번 씻어내리고서 병원에 가라고 몇번이나 방송했음

광견병 동물에게 상처를 입고서 최대한 빨리 상처부위를 물로…"
264,2022-10-16 14:26:19+00:00,_5hat_,"RT @mazin_043uma: 위기탈출 넘버원에서도 광견병에 걸린 동물에게 상처를 입었을 경우에는 최대한 빨리 상처부위를 흐르는 물로 여러번 씻어내리고서 병원에 가라고 몇번이나 방송했음

광견병 동물에게 상처를 입고서 최대한 빨리 상처부위를 물로…"
265,2022-10-16 14:25:22+00:00,gungjeo_,"RT @mazin_043uma: 위기탈출 넘버원에서도 광견병에 걸린 동물에게 상처를 입었을 경우에는 최대한 빨리 상처부위를 흐르는 물로 여러번 씻어내리고서 병원에 가라고 몇번이나 방송했음

광견병 동물에게 상처를 입고서 최대한 빨리 상처부위를 물로…"
266,2022-10-16 14:24:59+00:00,milkme02,"RT @mazin_043uma: 위기탈출 넘버원에서도 광견병에 걸린 동물에게 상처를 입었을 경우에는 최대한 빨리 상처부위를 흐르는 물로 여러번 씻어내리고서 병원에 가라고 몇번이나 방송했음

광견병 동물에게 상처를 입고서 최대한 빨리 상처부위를 물로…"
267,2022-10-16 14:24:40+00:00,bbo_5767_9777,"RT @mazin_043uma: 위기탈출 넘버원에서도 광견병에 걸린 동물에게 상처를 입었을 경우에는 최대한 빨리 상처부위를 흐르는 물로 여러번 씻어내리고서 병원에 가라고 몇번이나 방송했음

광견병 동물에게 상처를 입고서 최대한 빨리 상처부위를 물로…"
268,2022-10-16 14:24:38+00:00,gyesaengi,"RT @mazin_043uma: 위기탈출 넘버원에서도 광견병에 걸린 동물에게 상처를 입었을 경우에는 최대한 빨리 상처부위를 흐르는 물로 여러번 씻어내리고서 병원에 가라고 몇번이나 방송했음

광견병 동물에게 상처를 입고서 최대한 빨리 상처부위를 물로…"
269,2022-10-16 14:24:18+00:00,DanYang_FF14,"RT @mazin_043uma: 위기탈출 넘버원에서도 광견병에 걸린 동물에게 상처를 입었을 경우에는 최대한 빨리 상처부위를 흐르는 물로 여러번 씻어내리고서 병원에 가라고 몇번이나 방송했음

광견병 동물에게 상처를 입고서 최대한 빨리 상처부위를 물로…"
270,2022-10-16 14:23:59+00:00,kansin0_0,"RT @mazin_043uma: 위기탈출 넘버원에서도 광견병에 걸린 동물에게 상처를 입었을 경우에는 최대한 빨리 상처부위를 흐르는 물로 여러번 씻어내리고서 병원에 가라고 몇번이나 방송했음

광견병 동물에게 상처를 입고서 최대한 빨리 상처부위를 물로…"
271,2022-10-16 14:23:42+00:00,dmm_Lut,"RT @mazin_043uma: 위기탈출 넘버원에서도 광견병에 걸린 동물에게 상처를 입었을 경우에는 최대한 빨리 상처부위를 흐르는 물로 여러번 씻어내리고서 병원에 가라고 몇번이나 방송했음

광견병 동물에게 상처를 입고서 최대한 빨리 상처부위를 물로…"
272,2022-10-16 14:22:37+00:00,DAMDAM_HAEM,"RT @boss_gold_99: 저 정말 여러번 강조하고 싶습니다 국내에서 너구리같은 야생동물을 제외하고 광견병 감염 보고가 올라온게 끊긴 것이 2014년으로 알고 있고, 그래서 저희 아이가 광견병이라는 걸 떠올리기도 어려웠어요 병원측에서도 실내동물…"
273,2022-10-16 14:21:50+00:00,japbaendiyo,"RT @mazin_043uma: 위기탈출 넘버원에서도 광견병에 걸린 동물에게 상처를 입었을 경우에는 최대한 빨리 상처부위를 흐르는 물로 여러번 씻어내리고서 병원에 가라고 몇번이나 방송했음

광견병 동물에게 상처를 입고서 최대한 빨리 상처부위를 물로…"
274,2022-10-16 14:21:45+00:00,jollrinde,"RT @mazin_043uma: 위기탈출 넘버원에서도 광견병에 걸린 동물에게 상처를 입었을 경우에는 최대한 빨리 상처부위를 흐르는 물로 여러번 씻어내리고서 병원에 가라고 몇번이나 방송했음

광견병 동물에게 상처를 입고서 최대한 빨리 상처부위를 물로…"
275,2022-10-16 14:19:54+00:00,cherrycoke_29,"RT @mazin_043uma: 위기탈출 넘버원에서도 광견병에 걸린 동물에게 상처를 입었을 경우에는 최대한 빨리 상처부위를 흐르는 물로 여러번 씻어내리고서 병원에 가라고 몇번이나 방송했음

광견병 동물에게 상처를 입고서 최대한 빨리 상처부위를 물로…"
276,2022-10-16 14:18:50+00:00,msgisgoood,"RT @mazin_043uma: 위기탈출 넘버원에서도 광견병에 걸린 동물에게 상처를 입었을 경우에는 최대한 빨리 상처부위를 흐르는 물로 여러번 씻어내리고서 병원에 가라고 몇번이나 방송했음

광견병 동물에게 상처를 입고서 최대한 빨리 상처부위를 물로…"
277,2022-10-16 14:18:36+00:00,wkenzjab,"RT @mazin_043uma: 위기탈출 넘버원에서도 광견병에 걸린 동물에게 상처를 입었을 경우에는 최대한 빨리 상처부위를 흐르는 물로 여러번 씻어내리고서 병원에 가라고 몇번이나 방송했음

광견병 동물에게 상처를 입고서 최대한 빨리 상처부위를 물로…"
278,2022-10-16 14:14:57+00:00,BGamdongs,"RT @mazin_043uma: 위기탈출 넘버원에서도 광견병에 걸린 동물에게 상처를 입었을 경우에는 최대한 빨리 상처부위를 흐르는 물로 여러번 씻어내리고서 병원에 가라고 몇번이나 방송했음

광견병 동물에게 상처를 입고서 최대한 빨리 상처부위를 물로…"
279,2022-10-16 14:14:06+00:00,Tien_Fluffybutt,"RT @mazin_043uma: 위기탈출 넘버원에서도 광견병에 걸린 동물에게 상처를 입었을 경우에는 최대한 빨리 상처부위를 흐르는 물로 여러번 씻어내리고서 병원에 가라고 몇번이나 방송했음

광견병 동물에게 상처를 입고서 최대한 빨리 상처부위를 물로…"
280,2022-10-16 14:13:49+00:00,wksel108,"RT @mazin_043uma: 위기탈출 넘버원에서도 광견병에 걸린 동물에게 상처를 입었을 경우에는 최대한 빨리 상처부위를 흐르는 물로 여러번 씻어내리고서 병원에 가라고 몇번이나 방송했음

광견병 동물에게 상처를 입고서 최대한 빨리 상처부위를 물로…"
281,2022-10-16 14:13:06+00:00,secl1259,"RT @boss_gold_99: 저 정말 여러번 강조하고 싶습니다 국내에서 너구리같은 야생동물을 제외하고 광견병 감염 보고가 올라온게 끊긴 것이 2014년으로 알고 있고, 그래서 저희 아이가 광견병이라는 걸 떠올리기도 어려웠어요 병원측에서도 실내동물…"
282,2022-10-16 14:10:43+00:00,G0HUn_zzi,"RT @mazin_043uma: 위기탈출 넘버원에서도 광견병에 걸린 동물에게 상처를 입었을 경우에는 최대한 빨리 상처부위를 흐르는 물로 여러번 씻어내리고서 병원에 가라고 몇번이나 방송했음

광견병 동물에게 상처를 입고서 최대한 빨리 상처부위를 물로…"
283,2022-10-16 14:10:15+00:00,3mm_in_US,"RT @mazin_043uma: 위기탈출 넘버원에서도 광견병에 걸린 동물에게 상처를 입었을 경우에는 최대한 빨리 상처부위를 흐르는 물로 여러번 씻어내리고서 병원에 가라고 몇번이나 방송했음

광견병 동물에게 상처를 입고서 최대한 빨리 상처부위를 물로…"
284,2022-10-16 14:10:14+00:00,MmYSDwFpfip4VcY,"RT @mazin_043uma: 위기탈출 넘버원에서도 광견병에 걸린 동물에게 상처를 입었을 경우에는 최대한 빨리 상처부위를 흐르는 물로 여러번 씻어내리고서 병원에 가라고 몇번이나 방송했음

광견병 동물에게 상처를 입고서 최대한 빨리 상처부위를 물로…"
285,2022-10-16 14:09:54+00:00,cureharmony,"RT @mazin_043uma: 위기탈출 넘버원에서도 광견병에 걸린 동물에게 상처를 입었을 경우에는 최대한 빨리 상처부위를 흐르는 물로 여러번 씻어내리고서 병원에 가라고 몇번이나 방송했음

광견병 동물에게 상처를 입고서 최대한 빨리 상처부위를 물로…"
286,2022-10-16 14:09:41+00:00,Momo_Kanon_Moka,"RT @mazin_043uma: 위기탈출 넘버원에서도 광견병에 걸린 동물에게 상처를 입었을 경우에는 최대한 빨리 상처부위를 흐르는 물로 여러번 씻어내리고서 병원에 가라고 몇번이나 방송했음

광견병 동물에게 상처를 입고서 최대한 빨리 상처부위를 물로…"
287,2022-10-16 14:09:31+00:00,Im_abel_GOV,"RT @mazin_043uma: 위기탈출 넘버원에서도 광견병에 걸린 동물에게 상처를 입었을 경우에는 최대한 빨리 상처부위를 흐르는 물로 여러번 씻어내리고서 병원에 가라고 몇번이나 방송했음

광견병 동물에게 상처를 입고서 최대한 빨리 상처부위를 물로…"
288,2022-10-16 14:08:49+00:00,ch8cCWK9cVAuTyJ,"RT @mazin_043uma: 위기탈출 넘버원에서도 광견병에 걸린 동물에게 상처를 입었을 경우에는 최대한 빨리 상처부위를 흐르는 물로 여러번 씻어내리고서 병원에 가라고 몇번이나 방송했음

광견병 동물에게 상처를 입고서 최대한 빨리 상처부위를 물로…"
289,2022-10-16 14:08:38+00:00,s2ryutlfb,"RT @mazin_043uma: 위기탈출 넘버원에서도 광견병에 걸린 동물에게 상처를 입었을 경우에는 최대한 빨리 상처부위를 흐르는 물로 여러번 씻어내리고서 병원에 가라고 몇번이나 방송했음

광견병 동물에게 상처를 입고서 최대한 빨리 상처부위를 물로…"
290,2022-10-16 14:08:20+00:00,lhs_glmim,"RT @mazin_043uma: 위기탈출 넘버원에서도 광견병에 걸린 동물에게 상처를 입었을 경우에는 최대한 빨리 상처부위를 흐르는 물로 여러번 씻어내리고서 병원에 가라고 몇번이나 방송했음

광견병 동물에게 상처를 입고서 최대한 빨리 상처부위를 물로…"
291,2022-10-16 14:08:13+00:00,gracedanino,"RT @mazin_043uma: 위기탈출 넘버원에서도 광견병에 걸린 동물에게 상처를 입었을 경우에는 최대한 빨리 상처부위를 흐르는 물로 여러번 씻어내리고서 병원에 가라고 몇번이나 방송했음

광견병 동물에게 상처를 입고서 최대한 빨리 상처부위를 물로…"
292,2022-10-16 14:08:07+00:00,PNalys,"RT @mazin_043uma: 위기탈출 넘버원에서도 광견병에 걸린 동물에게 상처를 입었을 경우에는 최대한 빨리 상처부위를 흐르는 물로 여러번 씻어내리고서 병원에 가라고 몇번이나 방송했음

광견병 동물에게 상처를 입고서 최대한 빨리 상처부위를 물로…"
293,2022-10-16 14:07:18+00:00,crowd_sin,"RT @mazin_043uma: 위기탈출 넘버원에서도 광견병에 걸린 동물에게 상처를 입었을 경우에는 최대한 빨리 상처부위를 흐르는 물로 여러번 씻어내리고서 병원에 가라고 몇번이나 방송했음

광견병 동물에게 상처를 입고서 최대한 빨리 상처부위를 물로…"
294,2022-10-16 14:07:06+00:00,InterstellaSeo,"RT @mazin_043uma: 위기탈출 넘버원에서도 광견병에 걸린 동물에게 상처를 입었을 경우에는 최대한 빨리 상처부위를 흐르는 물로 여러번 씻어내리고서 병원에 가라고 몇번이나 방송했음

광견병 동물에게 상처를 입고서 최대한 빨리 상처부위를 물로…"
295,2022-10-16 14:06:58+00:00,pwbpw,"RT @mazin_043uma: 위기탈출 넘버원에서도 광견병에 걸린 동물에게 상처를 입었을 경우에는 최대한 빨리 상처부위를 흐르는 물로 여러번 씻어내리고서 병원에 가라고 몇번이나 방송했음

광견병 동물에게 상처를 입고서 최대한 빨리 상처부위를 물로…"
296,2022-10-16 14:06:53+00:00,coco6344,"RT @mazin_043uma: 위기탈출 넘버원에서도 광견병에 걸린 동물에게 상처를 입었을 경우에는 최대한 빨리 상처부위를 흐르는 물로 여러번 씻어내리고서 병원에 가라고 몇번이나 방송했음

광견병 동물에게 상처를 입고서 최대한 빨리 상처부위를 물로…"
297,2022-10-16 14:06:27+00:00,up1nthea1r,"RT @mazin_043uma: 위기탈출 넘버원에서도 광견병에 걸린 동물에게 상처를 입었을 경우에는 최대한 빨리 상처부위를 흐르는 물로 여러번 씻어내리고서 병원에 가라고 몇번이나 방송했음

광견병 동물에게 상처를 입고서 최대한 빨리 상처부위를 물로…"
298,2022-10-16 14:06:01+00:00,positive___wave,"RT @boss_gold_99: 저 정말 여러번 강조하고 싶습니다 국내에서 너구리같은 야생동물을 제외하고 광견병 감염 보고가 올라온게 끊긴 것이 2014년으로 알고 있고, 그래서 저희 아이가 광견병이라는 걸 떠올리기도 어려웠어요 병원측에서도 실내동물…"
299,2022-10-16 14:05:46+00:00,yobi___0V0,"RT @mazin_043uma: 위기탈출 넘버원에서도 광견병에 걸린 동물에게 상처를 입었을 경우에는 최대한 빨리 상처부위를 흐르는 물로 여러번 씻어내리고서 병원에 가라고 몇번이나 방송했음

광견병 동물에게 상처를 입고서 최대한 빨리 상처부위를 물로…"
